graph_id,Cascade,AUROC,AUPRC,EP,EP@50,EP@100
17,26958,0.6072758176384441,0.05310284056447303,0.1328512396694215,0.56,0.54
22,22587,0.6256222850284691,0.054637040499117585,0.13919867823213547,0.5,0.49
5,24615,0.6091064801794068,0.05195526786124327,0.13198597648999794,0.46,0.55
25,27707,0.6114206712540173,0.05247738393498665,0.13171434451533237,0.5,0.49
50,24101,0.6113229906369866,0.0503594395641216,0.12762886597938145,0.58,0.49
43,26473,0.6161098307749245,0.04822732273732651,0.12716763005780346,0.42,0.46
57,29164,0.5857097145258588,0.0470701256898732,0.121493399339934,0.54,0.48
45,23367,0.6172076825006498,0.04973140604761289,0.12409663431757176,0.52,0.48
55,28269,0.5985985098651879,0.050941984474618146,0.13197026022304834,0.54,0.5
53,25609,0.6140704645703501,0.05348067422041191,0.1368421052631579,0.46,0.49
