graph_generation_time,property_computation_time,specie,sizes
1.0004559230001178,69.23273714599782,hESC,6532
1.1510888990014791,70.07444371200108,hESC,6532
0.9401090230094269,69.89147334900917,hESC,6532
1.7909333380084718,67.89155704500445,hESC,6532
1.340312164000352,69.78158441699634,hESC,6532
1.1566541850042995,70.40809659699153,hESC,6532
0.6501034600078128,68.80669730599038,hESC,6532
0.5371317389945034,67.68855192599585,hESC,6532
1.3921703480009455,66.6174870209943,hESC,6532
0.8958748300065054,66.5899226229958,hESC,6532
