Bi-Mutual,Cascade,Clique,FBL,FFL,Fan-In,Fan-Out,Mutual-Cascade,Mutual-In,Mutual-Out,Regulated-Mutual,Regulating-Mutual,Semi-Clique,graph_id
1,24360,1,6,4201,4207,7595082,8,9,14740,4,1414,6,61
2,24138,0,2,4825,2835,7598780,9,7,10322,1,1469,1,2
5,25157,0,4,3833,3339,7586852,9,22,20287,7,2931,12,64
4,21379,1,1,4044,2812,7590495,8,6,16866,5,2720,7,73
1,22858,0,3,4773,2768,7599773,2,3,8633,3,1845,2,54
2,25812,2,6,3139,3224,7592441,10,17,14874,1,3200,3,37
0,33479,0,1,5025,4309,7605593,5,4,5338,2,456,2,99
2,19681,1,2,4359,2575,7592607,8,5,15156,2,2364,7,81
3,18107,0,0,3375,2854,7591533,5,7,16443,2,2751,8,89
2,24726,0,0,4908,3993,7605363,7,8,6025,6,284,0,43
6,26713,1,5,4520,3590,7587246,7,22,21011,6,2031,9,85
0,19193,0,2,5152,2533,7605506,2,0,4237,0,990,1,113
4,22008,1,1,4529,3477,7593745,5,13,13886,1,2349,4,121
1,24005,0,4,6216,1641,7598166,7,14,9311,4,1583,4,86
9,11852,1,0,2560,3067,7585080,4,12,23203,0,2999,11,23
4,23159,1,2,4108,3653,7590911,3,9,17472,6,2176,10,18
6,17046,1,2,4025,2219,7586756,8,10,20739,2,2660,10,3
7,20827,0,2,4957,2311,7593711,7,0,13889,0,2143,11,70
0,26275,0,4,5936,2598,7600728,9,5,8139,3,1031,1,62
3,22085,0,0,4470,3256,7598595,2,12,10514,3,1640,6,91
0,17056,0,0,4845,2906,7600958,1,5,8077,2,1495,3,63
5,23472,1,3,4536,2857,7585178,9,17,21556,10,2778,13,79
9,23348,2,0,3415,4025,7587127,11,23,21016,3,2642,4,25
1,22110,1,5,4197,2679,7590270,8,6,15815,3,3281,10,114
3,20505,2,2,3780,2874,7589867,8,5,18139,2,2530,7,57
2,26803,1,7,5075,3250,7594534,8,11,14324,5,1460,4,116
2,23679,2,7,4004,3075,7588575,11,28,18900,3,2680,9,97
2,19306,0,1,4675,2784,7593700,9,4,13849,4,2312,8,83
2,22967,0,4,4654,3463,7599421,7,8,10457,2,1165,3,104
7,25829,2,2,4567,3007,7587729,8,20,18627,5,2958,7,12
5,21787,0,6,4630,3062,7593008,11,9,15364,5,1926,2,112
10,25324,0,2,3470,3451,7591452,6,11,16920,1,2499,11,53
2,26859,0,5,5602,3009,7598800,13,4,10043,5,1206,1,71
3,17801,4,0,3881,2966,7587195,3,11,19203,4,3282,7,49
5,17139,1,0,3076,4158,7592569,4,12,16710,2,2251,4,65
1,21976,2,1,4492,2380,7591758,8,6,15190,0,2703,9,30
5,20100,1,2,3470,3728,7589515,6,17,19076,6,2393,6,126
4,22933,2,2,3428,2837,7587767,6,13,18697,1,3475,10,6
0,22868,0,4,4509,3223,7599757,8,11,10233,2,1183,2,7
1,24111,1,1,3861,2734,7594610,4,7,13328,2,2530,5,50
0,23815,0,0,4715,2110,7593354,2,1,13764,8,2511,7,4
7,22516,3,3,3776,3410,7589507,7,26,19180,3,2190,5,72
4,29515,0,4,5417,3353,7590545,9,17,17186,14,1847,5,100
3,20511,3,1,4116,2627,7590187,3,11,15984,1,3279,9,84
2,24704,0,2,4615,2827,7597548,5,13,10997,2,1849,6,76
3,28457,1,0,5738,2712,7595659,10,8,13297,7,1079,2,55
0,22601,0,5,5197,2194,7599183,4,6,9171,0,1658,4,35
1,17655,0,1,4534,2239,7598177,4,1,8838,1,2658,4,24
6,30679,0,5,5869,3556,7590716,17,21,17453,6,1394,12,58
2,19517,0,2,4649,3191,7598035,3,14,11106,4,1535,5,11
2,26434,1,5,3344,3502,7597087,10,4,12091,0,2167,4,13
2,18896,1,3,4021,1974,7594461,7,3,12150,3,3112,4,14
4,31849,1,6,5726,2489,7594642,14,14,12954,2,1763,4,77
5,32229,0,2,4063,4752,7593010,6,26,16290,7,1742,7,82
2,18829,5,1,3833,3029,7584626,11,9,22964,2,2704,9,42
2,23028,0,0,5323,3307,7603170,8,10,7091,5,640,0,22
5,23265,1,2,4225,3239,7591171,6,2,16289,2,2577,12,31
1,23975,0,2,5502,2345,7598017,6,7,11326,5,1009,2,16
8,18318,2,4,3192,3030,7587029,6,15,19830,0,3396,8,45
5,33821,1,5,4704,3345,7592198,13,15,14840,4,2549,7,67
4,21902,2,1,3097,3990,7591966,8,17,16662,0,2558,10,34
0,28894,0,6,5693,3125,7603466,2,7,5209,3,1251,2,32
9,22596,0,4,3505,4114,7592941,8,18,17040,2,1682,5,101
0,22122,1,7,4334,2683,7601891,3,5,7353,1,1647,0,33
3,25769,0,1,4816,2269,7595307,13,2,12656,2,2036,5,27
0,22113,1,2,4063,3070,7595965,6,3,12550,2,2139,6,36
1,20464,0,2,3916,3063,7594284,4,11,13638,2,2508,9,90
3,21561,2,6,4259,3052,7584666,9,12,21977,7,2962,14,123
2,18769,0,4,4107,2819,7596497,4,12,12207,2,2027,3,1
1,14873,1,0,3611,2620,7595183,0,2,12414,1,2829,4,17
2,23152,0,2,4030,2339,7591499,9,10,15839,2,2741,8,51
2,21178,1,2,4464,1872,7595391,10,5,12371,2,2316,2,119
9,21436,0,3,4169,3557,7593267,8,15,15739,5,1837,4,29
2,17385,0,1,3572,3817,7598543,3,9,11572,3,1590,2,105
2,21176,2,0,4158,1786,7591993,3,2,14521,0,3090,8,59
0,18458,2,0,4085,2466,7596052,1,5,11582,1,2571,5,94
6,20951,0,3,4196,3440,7591754,15,13,17203,3,1846,5,44
2,21005,1,1,4194,2832,7595571,3,11,13009,3,2043,4,87
1,14326,0,0,4463,2946,7600861,0,3,8677,5,1435,1,111
3,12099,1,0,3868,2886,7595585,1,1,13157,0,2127,4,74
0,23622,1,2,4733,2511,7597704,8,6,10792,3,1816,2,110
3,18059,2,3,3238,2552,7590150,7,0,17161,0,3150,7,52
5,16496,1,0,3748,3002,7594631,4,6,13522,0,2480,3,10
2,19953,0,0,4235,2923,7597604,5,7,11215,2,1906,2,26
5,26876,2,3,4503,3150,7588675,12,16,18779,5,2440,7,66
2,23176,1,2,3975,2917,7595721,4,8,12797,3,2185,2,38
3,18192,1,1,3676,2965,7591316,4,7,16539,2,2662,6,115
3,26714,0,5,4288,3937,7602164,3,12,8438,1,991,0,106
1,18541,0,1,4377,3376,7601104,5,6,9141,3,1123,1,5
2,17835,1,2,4985,2239,7590765,8,6,17298,4,1900,7,41
5,17988,2,0,3758,1954,7591335,4,2,15247,2,3256,5,48
3,19413,1,4,4090,1848,7591712,4,5,15923,2,2562,9,56
0,22456,0,3,5602,2773,7601683,3,5,7215,2,1184,3,46
1,18118,1,2,3895,2379,7596457,2,1,11201,2,2656,3,96
1,13431,0,2,3403,2903,7600344,3,2,8706,0,2208,3,118
1,22812,3,1,3586,2602,7593648,7,7,13597,1,3011,4,108
1,25610,0,6,4995,2871,7598734,7,14,10587,11,1269,3,40
6,22638,0,1,4348,2748,7590724,9,12,17457,7,2159,5,98
1,26743,0,3,5581,3414,7606208,6,5,4201,0,441,0,69
1,18401,4,2,4696,2239,7595534,4,5,11444,2,2591,2,122
3,29217,0,6,6375,2258,7600691,6,8,7796,4,1000,2,120
1,18541,1,1,4413,2289,7592950,7,3,14582,1,2454,7,124
5,15293,0,1,2616,3686,7592412,3,17,16896,1,2466,7,117
2,28190,0,5,6053,2065,7594264,12,10,13421,5,1556,5,95
3,16888,1,1,5115,2686,7593750,6,13,15541,3,1225,4,28
2,23948,1,0,4821,2570,7597840,2,1,11129,6,1537,1,103
4,15195,2,0,3647,3063,7591377,5,4,16826,4,2500,5,125
6,17134,1,3,4132,2884,7588092,3,6,18623,2,2998,11,21
0,15407,3,2,3510,1804,7589825,9,3,16931,1,3290,7,102
0,17703,0,1,4812,2678,7604430,2,6,5179,2,1226,1,92
4,13488,1,0,3082,2489,7589424,2,8,18543,1,2901,9,93
0,17352,0,3,3834,2826,7600650,5,0,8652,0,1865,4,47
3,17169,0,1,4107,2845,7592902,5,18,16540,4,1654,5,0
1,19208,0,2,4481,3009,7601683,4,7,8317,1,1194,2,107
5,21121,0,1,3686,3460,7593720,7,11,15691,2,1878,6,60
0,20962,0,3,4612,3149,7606236,1,0,4356,0,836,1,68
4,22476,1,5,4585,2253,7590778,8,11,16519,0,2483,8,19
0,24283,0,2,4746,3263,7601664,4,3,8110,3,1173,3,78
3,21879,1,4,4433,2860,7595521,4,12,12864,5,2020,3,8
1,21892,1,2,3844,3492,7596942,5,10,12952,0,1560,6,15
2,18621,1,0,4097,2158,7598283,3,6,10007,0,2240,2,80
3,17903,0,3,4529,3006,7595842,6,13,14015,4,1239,1,9
2,15155,0,3,3596,2981,7597973,4,8,11374,0,1962,3,109
1,18112,0,3,4160,2174,7594924,9,7,13431,4,2169,6,75
0,21326,0,2,4975,3235,7606501,4,3,4660,1,369,0,39
1,22535,0,2,4264,3493,7596864,6,11,12447,3,1643,4,88
0,14352,0,0,3447,2698,7599664,0,1,8510,0,2625,4,20
2,27082,0,5,5646,2577,7600241,9,3,9866,5,554,1,127
5,34126,2,4,5385,4324,7594118,10,17,14696,13,1317,6,129
4,17741,0,0,5063,2363,7593426,12,2,14244,4,2057,6,128
6,24879,2,0,4503,2683,7586458,9,15,20596,5,2639,9,147
2,17118,1,1,3280,2461,7590603,4,10,16831,2,3068,9,133
15,17732,2,0,3303,3425,7585438,8,12,23522,1,2284,9,130
3,16945,0,1,3637,3157,7597908,6,2,11628,1,1844,4,222
6,17576,5,1,3809,2660,7590973,6,2,15612,0,3224,5,175
4,17005,1,1,3855,2606,7586537,6,6,20829,5,2807,13,132
2,20089,2,5,3964,3331,7594994,8,9,13363,2,2264,6,149
2,14330,2,1,3454,2695,7592676,2,0,15145,0,2791,6,194
4,35936,0,4,5442,3720,7598255,9,13,10700,9,1224,6,148
1,29339,0,5,4693,3600,7600440,4,6,8299,2,1717,3,140
6,22762,1,3,4515,3724,7596843,6,9,12163,1,1665,6,188
1,32991,2,4,5374,3061,7594693,8,16,12820,9,1980,4,136
2,29306,0,1,4720,4102,7602660,6,8,7770,1,858,2,145
10,25123,3,1,2966,3460,7586225,11,9,20364,2,3633,13,155
10,19098,0,2,4718,1941,7584548,12,16,23224,5,2172,9,134
4,17852,3,1,3673,2041,7588203,6,10,18465,1,3255,4,138
5,20737,0,0,3998,2384,7592646,5,6,15370,3,2420,6,201
3,20178,1,4,4562,2585,7595533,7,2,12149,4,2307,2,146
3,30359,3,5,4667,2645,7590519,9,10,15471,5,3089,9,154
1,19731,5,4,3368,2118,7583761,5,9,20726,5,4490,9,161
0,29428,0,5,5851,2531,7602108,4,9,7380,6,764,1,205
3,14704,1,0,3168,3737,7592293,1,13,16859,4,2268,6,206
3,19735,0,2,4284,3212,7590838,12,12,18968,4,1379,6,131
2,20294,0,1,4499,2460,7594132,7,11,13784,3,2220,6,144
2,14919,0,2,3791,3506,7598342,4,4,11853,1,1440,3,141
1,19538,0,3,4696,1634,7592810,6,5,13643,3,2852,8,202
7,20123,1,1,4642,2220,7590522,10,5,16648,1,2513,10,162
1,23354,0,2,4944,3380,7604942,1,9,5560,3,713,1,152
1,25002,1,2,3945,3178,7592697,6,9,15133,6,2539,5,176
7,22550,2,3,3183,3800,7596288,3,4,13027,5,2180,0,170
5,17095,1,1,3584,3482,7592417,6,10,16998,4,1929,2,137
4,30031,0,4,4543,4257,7599274,10,15,11547,3,744,5,181
2,19106,0,7,4260,2105,7594558,5,6,13531,1,2252,9,214
3,27744,1,0,4936,2604,7594973,3,9,12751,6,2098,4,169
3,27234,1,5,5047,2203,7591706,10,18,16159,5,1967,6,167
2,24418,0,2,4386,2107,7592930,8,5,13399,6,3069,5,165
1,20910,0,2,4950,3032,7596911,2,7,11711,2,1646,5,142
4,18521,2,5,3633,2339,7584915,7,9,20717,3,3784,13,177
7,21694,3,1,3928,2782,7583434,14,7,21812,7,3817,17,223
1,20582,1,5,4961,2440,7594023,8,1,13829,4,2019,6,143
0,24076,0,2,5637,2542,7605275,4,3,4333,0,814,1,135
1,14866,0,0,4496,2294,7597638,3,5,10180,5,2275,3,156
1,24849,1,5,5720,2168,7596078,10,9,12237,4,1410,3,171
3,27610,1,3,4257,3278,7596670,5,13,11825,2,2054,3,168
2,25661,1,1,4641,2147,7594911,4,8,11232,2,3034,8,166
3,19541,2,1,3462,3159,7590516,6,8,16644,2,3112,8,197
3,22866,1,1,4230,2354,7591972,3,11,14819,7,2917,4,160
3,30035,1,7,4927,4172,7594258,10,25,14438,8,1606,10,178
1,15487,0,0,3979,1905,7590299,3,5,16336,3,3119,10,195
4,21423,1,1,3804,2695,7590922,3,11,16341,6,2893,5,164
6,21884,1,2,3510,3884,7593475,4,14,14693,0,2589,5,189
0,17186,1,1,4162,2448,7598276,1,5,9934,1,2249,2,150
3,24216,1,1,4071,2778,7596595,4,6,11822,3,2183,6,157
6,20245,2,0,2840,3266,7591813,3,13,16624,3,2789,3,139
6,17473,0,0,3367,3581,7591471,6,12,17600,3,2206,7,174
1,24453,0,3,4655,3474,7600625,5,6,9625,2,981,2,182
2,30977,0,1,5666,3326,7591235,8,13,16816,4,1563,11,227
7,14765,1,1,4014,3007,7587262,7,13,21539,5,2012,9,159
4,19947,2,1,2814,3957,7591252,7,12,17338,2,2723,5,179
5,29966,0,5,3952,4666,7594368,7,21,15200,3,1663,9,235
1,17058,0,4,4603,3467,7602016,3,6,8558,0,846,3,191
5,23409,0,2,5033,2554,7592319,7,7,15144,7,2176,6,203
0,29776,0,7,5539,3696,7603408,5,16,7343,4,290,0,204
1,18882,0,0,3975,2559,7595607,4,4,12182,2,2549,5,163
8,27335,2,0,5798,2437,7587870,9,8,18341,13,2409,8,224
0,29503,0,3,5810,2421,7605445,0,4,2634,0,1494,1,153
0,31749,0,9,5603,3345,7599688,9,12,9303,2,1136,1,190
1,11897,0,2,3230,3794,7596755,0,5,13085,2,1899,4,193
5,18847,2,2,4528,2977,7590446,10,15,19014,4,1428,5,158
5,23919,0,6,5236,3472,7594490,14,11,14995,3,1064,4,180
0,21628,0,0,5287,2741,7602440,6,3,7027,1,1057,2,230
0,27675,2,4,4591,2660,7590814,7,15,16042,3,2699,9,196
2,23851,0,7,4895,2544,7591356,12,12,15585,3,2499,14,245
4,21801,2,4,3809,2732,7590146,3,8,17198,5,2845,9,209
6,22541,1,5,3730,2896,7587437,6,18,20328,5,2672,10,186
6,12889,8,0,2579,2879,7580187,2,10,25126,5,4465,10,236
0,18524,0,0,4587,2736,7598237,5,3,10376,6,1831,3,187
6,25980,0,4,5747,3221,7592582,10,23,15810,10,1352,5,192
0,22123,2,0,3901,3138,7595266,0,7,13910,4,1891,5,198
4,27458,1,5,4943,2478,7589110,8,12,16967,6,2910,9,232
4,24993,0,0,3949,3055,7595271,1,12,12104,2,2769,5,212
3,17022,1,2,3970,3401,7593396,10,6,15024,1,2233,3,238
9,18834,4,7,3811,3553,7581262,8,11,25673,0,3039,13,200
13,26666,1,8,4218,4507,7588118,18,19,20506,9,1987,10,213
3,34954,0,8,6337,3006,7602464,7,8,6687,5,688,0,199
4,20710,0,1,4899,2663,7593728,13,3,14557,4,1833,4,185
5,15480,0,2,4399,2930,7595066,6,4,14300,3,1546,4,247
0,22785,1,2,4554,2354,7597520,7,5,11417,4,1684,3,151
0,21126,0,1,4581,3752,7605750,4,4,4840,0,852,0,233
7,16671,3,4,3375,1891,7582476,10,2,22881,1,4047,13,208
3,12094,0,1,3954,3025,7593675,2,7,15301,0,1965,7,220
6,16434,2,2,3469,2851,7589877,6,11,17493,2,3007,3,228
1,21995,2,2,4047,2106,7592900,4,5,13359,0,3275,6,225
6,17574,1,1,3884,2240,7590192,3,3,17379,0,2698,8,226
0,36901,0,9,6880,2636,7598354,14,12,9618,5,1000,4,231
1,24541,1,6,4386,2641,7599860,0,4,7681,0,2470,4,237
3,17318,0,0,3808,2579,7595016,3,7,13703,6,2165,5,221
3,24518,1,5,4144,2662,7594659,3,10,12663,4,2695,5,239
1,17262,0,0,4267,2871,7600280,2,7,9216,5,1553,1,218
1,26148,1,4,4655,2855,7593895,5,14,14104,2,2101,6,219
0,25478,1,6,4577,2256,7599442,3,3,8756,0,2047,2,217
6,10300,3,0,3207,2956,7584861,3,5,22217,2,3280,7,249
0,15613,0,1,4315,2134,7596460,2,0,11540,0,2274,7,173
1,22536,2,4,3703,3186,7592090,4,11,15806,1,2629,5,210
2,25309,0,6,5905,2661,7600512,13,9,9368,3,537,1,207
2,19171,0,2,4309,2362,7594484,4,7,12773,1,2645,8,172
13,13433,3,1,2524,3357,7580259,4,16,27346,4,3348,12,229
13,15534,2,1,2809,2819,7582161,8,8,24346,2,3756,11,234
9,17661,1,4,4108,2771,7580917,14,13,25691,7,3053,12,246
0,25101,0,3,4471,2446,7602316,3,4,5675,0,2204,3,250
0,21267,1,2,3592,3157,7598905,5,7,10488,0,1941,2,183
2,20842,2,5,4079,2379,7590260,5,6,15999,2,3257,7,242
2,25468,0,5,4722,2670,7593026,12,10,15220,3,1940,7,251
0,28344,0,0,5459,3363,7602133,3,8,7061,3,1109,1,252
2,15174,0,1,4638,2609,7596845,8,4,12613,3,1383,2,184
1,20823,0,3,4399,2610,7598909,3,7,10052,3,1753,3,240
0,28898,0,12,6458,2717,7601787,9,9,7065,4,778,0,244
4,15758,1,0,3250,3073,7594412,4,2,14634,0,2281,5,211
3,16124,0,3,3906,2824,7596172,5,17,12754,1,2016,3,216
0,17494,0,2,4360,2913,7602308,3,2,7180,2,1511,2,215
1,14135,0,0,4526,3041,7604577,2,1,5353,2,1209,0,241
1,13765,1,1,4315,1820,7595227,2,1,12347,2,2487,4,248
0,29754,0,3,6461,1538,7606490,1,0,1548,1,1189,0,253
1,17206,0,2,3536,2890,7595285,5,15,13521,1,2260,5,243
1,16573,2,1,3838,2292,7592400,7,0,14311,0,3148,10,254
0,21650,0,0,4836,3116,7604635,1,4,4925,2,1239,1,255
11,22371,1,3,3829,2706,7586593,7,14,20264,6,3074,9,256
5,15817,1,1,3540,2816,7586957,6,6,19365,1,3485,16,344
1,18235,1,2,4037,2613,7597895,6,4,9683,0,2624,3,258
4,21674,3,1,4173,2766,7586655,7,12,19804,3,3102,10,260
4,16487,0,0,4217,3887,7602236,5,13,9013,0,700,2,257
1,24203,4,1,4853,2264,7590853,11,16,15243,2,2948,4,261
3,17650,1,2,3646,3589,7594622,5,1,13685,1,2452,5,265
1,22538,4,3,3948,2361,7590463,7,7,16360,0,3039,5,259
5,29671,0,3,4945,3302,7590932,11,20,17848,6,1557,9,262
5,25628,0,2,5545,2405,7586983,11,10,19253,8,2524,13,269
2,23260,1,0,4431,2728,7598992,4,5,8999,2,2220,3,298
2,17554,1,0,3439,3011,7593871,4,5,14261,3,2643,5,310
5,20879,2,0,3489,3889,7593413,2,3,16003,1,1973,7,311
4,28458,1,9,5036,3224,7591302,12,17,15871,9,2311,10,270
6,24963,1,6,3326,4223,7592233,6,16,17274,3,2010,4,274
0,25132,1,1,4836,2316,7589873,9,2,16808,4,2657,16,268
2,33656,0,6,6094,3001,7599140,12,7,10256,7,680,4,272
2,25898,0,1,5273,3447,7604042,8,1,6270,2,641,0,264
4,28763,0,3,5844,3447,7590301,20,24,17581,7,1554,7,275
4,17409,0,0,4824,2668,7599238,5,5,10580,2,1111,2,266
3,15994,0,1,3217,2399,7592726,4,6,14831,2,3039,9,267
4,23874,1,0,3951,2786,7591270,7,19,16380,2,2625,6,263
7,24946,0,4,4056,3737,7594444,8,17,15457,3,1447,5,319
3,21149,0,1,4564,2872,7591728,6,12,16138,2,2210,9,283
4,25333,3,4,3699,2682,7589320,5,12,17592,4,3110,13,277
0,13831,0,0,4628,2944,7605954,0,1,3827,0,1234,1,292
8,27226,3,4,3769,3606,7588942,7,17,18015,1,3053,11,288
7,24799,2,2,4276,3373,7588617,9,17,18671,5,2634,10,296
2,27221,0,4,4309,3439,7597903,6,5,10851,2,1897,6,366
2,16263,0,4,3803,3688,7599802,1,4,9956,3,1653,3,289
5,20743,1,2,3419,3051,7587416,7,22,20081,4,2964,8,305
3,19099,5,1,3171,2989,7589975,2,10,17222,1,3240,5,295
1,25939,2,3,5023,3427,7593564,10,27,15928,5,1165,6,273
5,25154,1,3,3921,2545,7591832,5,6,15321,2,2888,7,307
2,24036,0,6,5534,2796,7595061,10,13,13992,8,1132,4,315
3,18549,3,3,2932,2820,7586797,11,12,19485,0,3813,8,285
3,19403,1,1,4943,1997,7590261,4,1,17193,4,2224,10,286
0,18486,0,2,5147,2378,7603271,1,3,5706,2,1375,1,276
5,24342,0,7,3748,3493,7592785,10,15,15686,3,2313,8,301
2,19933,0,4,4954,2751,7600785,6,7,8195,3,1465,2,280
3,19066,0,2,4042,2490,7597056,4,3,10863,1,2451,4,282
0,23367,0,0,3909,3628,7597225,2,9,11803,4,1963,5,329
10,25425,2,2,4557,2999,7592081,5,16,15394,0,2406,7,353
8,18090,1,1,3773,3078,7583342,6,14,23951,4,2884,12,322
1,25952,0,6,4657,3457,7594720,8,10,13986,3,1746,6,314
1,22470,0,2,4065,3540,7598296,5,11,10710,0,1897,4,278
3,17764,0,3,4495,3105,7597160,3,8,12309,5,1450,2,290
2,20362,0,3,4454,2848,7594741,5,6,13753,0,1956,6,312
4,21446,1,0,3795,3704,7591615,2,12,16780,6,2332,5,326
0,16737,0,0,5031,3009,7601400,0,1,8094,4,1171,4,281
4,20829,0,1,3797,3999,7595205,4,13,13848,3,2005,4,331
5,20276,1,4,4015,3672,7590906,8,10,17571,1,2180,5,279
5,16657,0,1,4893,3225,7597810,12,8,11929,2,1111,3,287
1,23446,0,3,3888,3323,7599990,8,10,9606,1,1689,4,339
3,22595,0,7,5769,3233,7600733,10,11,9340,6,508,1,303
1,20159,0,2,5012,3289,7603188,1,8,7972,3,351,0,304
1,20062,0,2,4067,3035,7600956,3,2,7836,0,2005,3,320
3,16156,1,1,3619,2437,7595137,4,1,13075,2,2516,2,293
1,22576,0,0,4382,2773,7596700,5,14,11210,5,2283,5,330
5,16295,0,1,3912,3245,7591379,3,9,17631,3,1968,5,318
0,15311,3,0,3750,2988,7589517,9,6,18673,3,2453,6,294
7,18486,3,2,3734,2401,7583738,12,11,22283,4,3530,16,358
3,28956,0,3,5174,2833,7592186,11,9,15614,5,1937,6,340
3,26875,1,1,4446,2953,7597594,4,3,10818,1,1999,6,291
6,17926,6,3,3315,2385,7579702,9,15,25190,7,4304,12,338
5,20121,0,2,4382,2204,7589810,6,11,17845,5,2404,9,297
2,23822,0,2,4105,3332,7597187,5,10,11400,2,2084,5,271
2,20191,0,7,4165,2268,7591816,7,5,15565,2,2652,9,325
1,22064,1,4,4553,3001,7596458,10,4,11274,2,2284,5,321
0,16099,2,2,3004,2446,7594888,2,4,12442,3,3265,2,299
0,26886,0,0,6013,2132,7602642,4,3,5258,0,1479,2,370
1,20343,1,1,4690,2182,7592293,8,7,15055,3,2407,6,328
1,15894,0,1,4406,3604,7603521,4,1,6639,0,1152,2,308
4,16094,1,1,4520,2418,7595380,7,7,12654,1,2151,4,354
5,28876,0,2,4994,2368,7594781,10,13,14080,7,1499,2,302
7,21272,1,0,4003,2230,7584439,9,17,21885,3,3254,11,361
6,19391,1,1,3752,2960,7589731,5,15,19272,4,2044,9,313
2,31144,0,4,6165,2867,7595155,18,12,12379,6,1574,3,351
2,27811,1,4,5654,2003,7595177,9,10,11401,1,2308,8,371
6,24798,0,4,5148,2797,7591526,12,15,16457,6,1858,4,327
2,35762,0,9,5972,3451,7604189,11,10,6145,4,276,2,306
8,27295,0,2,4646,3770,7587173,8,21,20573,7,2218,14,323
1,27959,2,3,4752,2719,7590676,7,11,15840,1,2786,12,349
2,18025,0,3,4882,2305,7598047,3,6,10949,2,1492,5,337
1,22586,0,6,4753,2793,7600949,9,6,8221,0,1470,3,333
2,17216,0,2,4206,3306,7599127,4,20,11088,4,1222,2,355
4,23511,0,5,4275,3751,7593426,4,10,14628,4,2265,4,367
4,18278,3,1,3715,3177,7583613,12,12,23720,2,2889,13,332
2,26466,1,4,4996,2719,7592580,5,13,13964,9,2656,4,346
2,15681,1,1,4439,2825,7598835,7,6,11009,2,1291,0,324
5,18610,1,0,3246,3934,7591978,3,11,16588,0,2523,5,316
3,23350,0,5,5469,2271,7597171,8,5,11928,2,1145,4,309
1,20374,0,3,5170,2531,7600776,7,4,8636,3,1141,2,284
11,23193,2,1,3420,4200,7584873,10,24,23027,4,2755,9,360
5,17358,4,2,4003,2418,7584877,11,10,20812,3,3569,9,374
5,13124,1,0,2877,2666,7592144,4,11,15892,0,2973,4,365
1,17676,0,1,3216,3971,7596176,1,5,12848,1,2310,8,363
13,19129,1,0,2922,3599,7587003,11,21,22361,0,2275,8,317
1,16143,0,1,3436,4217,7602927,1,5,7817,1,1346,2,347
3,17817,2,0,2901,2533,7588783,4,6,18707,1,3228,9,300
3,21274,1,2,3858,2979,7596663,5,12,11829,0,2258,1,342
3,12554,2,1,3054,2265,7590095,3,5,16788,2,3458,6,357
6,13599,1,2,2803,2536,7587456,4,5,19435,2,3577,8,356
0,18514,1,0,4755,2658,7601315,2,3,8091,3,1353,2,335
0,20081,0,2,4274,2376,7598736,5,1,9881,1,1985,6,348
0,24444,1,3,4858,2445,7596813,3,5,9881,9,2654,2,345
4,16542,0,4,4335,3620,7600941,4,9,9525,0,1035,0,341
4,16356,0,1,3078,3291,7594586,6,6,14768,1,2214,4,343
8,10513,5,0,2204,2855,7581871,1,1,23604,0,4576,12,368
4,19819,0,3,4780,2725,7597424,13,5,12283,5,1184,1,336
8,16389,0,3,3985,2638,7587325,10,8,21434,1,2048,10,352
7,20839,1,2,5014,2102,7585883,11,13,21331,8,2299,12,373
10,13655,2,0,2714,3316,7587659,3,11,20784,1,2845,6,379
2,23137,0,2,4231,3124,7600017,7,5,9352,0,1633,2,369
1,16956,2,0,3076,2135,7592722,0,7,13987,1,3538,5,364
7,24943,0,2,5047,2394,7591178,7,11,17156,6,1733,6,378
13,9376,2,0,1807,3464,7584657,3,1,23566,1,3405,8,334
2,20543,0,0,4608,1955,7596671,4,3,11202,4,2190,4,362
4,12958,2,1,2812,2753,7586960,3,13,20610,0,3232,10,359
8,20083,2,0,4509,2734,7586093,7,15,20941,5,2647,8,372
0,22685,0,3,4206,3421,7605182,2,1,5299,0,1094,1,350
2,26840,0,8,5113,3487,7598154,6,18,11360,2,1118,3,376
0,23875,0,5,4565,2533,7599406,7,5,8525,0,2184,4,377
2,19124,0,1,5060,2955,7599492,9,6,10092,2,1109,2,380
7,14093,3,0,3110,2875,7586935,3,12,21571,0,2611,11,375
4,24553,0,4,3985,2939,7597848,6,10,10661,1,2184,3,381
3,25604,2,3,4384,3208,7592906,3,9,14561,4,2499,7,383
2,24609,0,5,5209,2794,7597750,8,4,10886,4,1506,4,382
2,23378,2,0,4658,2471,7595277,8,4,11358,0,2776,9,384
3,22753,1,1,4383,2795,7592226,11,8,14663,10,2785,5,385
1,16022,0,1,4394,2483,7597357,3,4,11271,1,1922,4,453
3,26227,1,3,4377,2909,7595208,7,10,12518,5,2377,2,390
4,17576,5,0,3631,2120,7586332,3,9,19096,2,3888,10,389
2,22121,0,0,4073,3611,7599902,4,7,9789,3,1551,2,388
3,18920,1,5,3712,3284,7591210,8,15,17078,3,2427,4,387
2,21920,0,1,4483,2281,7594826,7,15,12801,2,2375,4,391
3,21999,0,3,4402,2537,7599017,11,6,10113,1,1664,2,392
3,32722,2,7,5304,3653,7592714,19,21,14853,6,1976,11,401
9,28932,0,8,4456,3584,7591213,20,14,16655,6,2255,5,397
2,19572,1,3,4586,3286,7597718,7,4,12023,4,1268,0,393
2,23769,2,3,4593,2626,7588586,5,12,17597,2,3034,10,402
3,21331,0,0,3756,3098,7593364,3,8,15511,6,2112,6,409
7,13543,2,0,4319,3060,7593299,10,5,16601,3,1317,0,395
2,25500,1,1,4440,3357,7596823,4,12,11893,2,1846,10,396
2,19328,1,1,4597,2582,7593805,8,1,13870,0,2292,5,416
4,17660,1,1,4060,3102,7590795,5,6,17470,2,2264,6,408
0,23119,0,1,4593,2555,7599782,2,3,7334,0,2580,4,420
4,25022,0,4,5848,2348,7589684,18,11,18373,4,1468,6,456
2,26276,0,11,4419,3052,7590486,7,11,17629,4,2156,10,394
8,19249,0,0,5091,3521,7592650,13,10,16208,5,1448,4,449
3,22572,0,4,4633,4006,7595593,11,17,13742,3,1445,2,386
2,20125,0,0,5041,3926,7604125,2,8,6655,4,524,1,407
2,13867,0,0,4115,2924,7597591,1,0,11977,3,1591,4,398
6,14016,1,0,3479,2638,7592787,6,2,15642,0,2474,4,413
2,17858,0,1,3832,2979,7595713,4,2,13198,2,2059,5,410
3,21971,0,5,3865,2912,7593653,9,6,15552,1,1891,7,399
4,19728,2,2,3362,3199,7591824,3,10,15765,1,2951,6,404
2,15818,1,2,3707,3735,7600656,4,9,9795,2,1354,1,406
0,25631,3,2,3956,3213,7593187,3,17,13938,4,2883,8,425
3,15428,1,0,4201,2543,7593767,7,2,13880,0,2505,4,418
6,18002,1,1,4264,2902,7590808,6,10,17745,3,2016,6,405
5,23618,2,2,4166,3033,7587947,9,16,18266,4,3222,16,452
4,17128,3,1,3619,2719,7590265,2,2,17627,3,2667,8,494
4,27127,0,2,5129,2900,7594879,12,18,13534,5,1652,6,451
4,23867,2,6,4324,2538,7585855,7,11,20278,7,3187,12,424
2,15056,0,0,4363,2917,7597655,4,6,11386,1,1730,4,430
1,20946,1,2,4139,2476,7594026,2,8,13646,6,2523,5,419
8,19927,3,1,4362,2944,7584080,8,7,22666,4,2859,12,441
10,20402,1,2,4505,3357,7586856,16,22,21580,5,1943,9,415
4,21502,1,0,4207,2934,7589691,7,21,18375,2,2289,6,433
11,22062,2,5,3633,3366,7587736,10,18,21052,3,2204,10,434
5,23789,0,5,3431,4852,7599589,4,13,11242,0,1302,2,479
9,28066,3,2,3780,3631,7590532,11,18,16887,3,2813,11,421
0,20022,0,2,4595,3048,7602162,3,1,6899,0,1607,3,450
5,21039,1,1,3673,2879,7590823,5,14,16336,2,3009,7,464
1,22900,0,1,5037,3067,7600993,5,8,8952,3,943,1,411
11,25947,0,3,5052,3895,7588870,13,23,20133,8,1390,6,458
5,20842,1,2,3813,2754,7593015,3,6,14986,4,2520,5,440
2,25789,1,8,4305,3339,7597014,8,9,12451,2,1544,3,417
4,17439,1,0,4366,2207,7587743,11,3,19694,4,2517,10,444
6,21327,2,3,3743,2952,7583252,12,9,23006,4,3411,14,455
2,18577,0,1,4762,3496,7597132,7,4,12664,4,1151,3,501
5,28515,2,4,4425,3656,7592235,15,27,15969,6,2104,5,467
0,24455,2,5,4358,1910,7594751,7,3,11299,0,3222,7,442
4,28964,1,4,4336,3580,7589843,8,13,17318,5,2674,7,445
0,21385,1,2,4163,3097,7604259,0,4,5852,0,1301,0,400
3,21262,0,2,4758,3679,7601591,3,9,7947,1,1287,1,427
1,17515,1,3,3494,2335,7594816,3,4,13004,4,2772,5,403
1,22814,0,3,4411,3042,7600936,2,6,8025,0,1750,2,437
0,18338,0,3,4543,2724,7600117,4,3,9321,4,1442,3,428
1,14108,2,0,3343,2638,7592054,3,4,15466,2,2996,6,432
0,21643,1,3,4373,2233,7596976,7,8,10866,4,2320,5,472
3,22205,0,4,5033,2844,7592387,12,8,15631,5,1899,5,443
4,19597,0,3,4239,2785,7587623,14,5,20209,4,2377,16,438
3,15618,0,1,4421,2398,7595508,8,6,13049,4,1940,3,429
1,25345,0,5,5128,2985,7600643,3,7,9145,5,976,1,448
4,16827,1,1,3878,3199,7594208,3,10,14718,1,2028,4,414
0,25779,0,0,5374,2513,7600082,3,3,8102,4,1655,2,454
1,23920,0,2,4849,3518,7595027,4,14,13797,7,1592,5,463
2,35865,1,9,5268,3945,7600500,8,7,8272,2,1409,3,496
1,26652,0,1,5329,3030,7601815,5,12,8364,5,677,3,423
0,24993,1,2,4579,2112,7595816,3,7,11499,3,2485,3,422
1,34013,0,4,6013,2648,7599564,9,9,8799,1,1244,2,469
2,22155,0,2,4824,2666,7597884,8,11,11177,2,1487,4,461
2,24050,0,1,5467,2845,7601070,8,8,8740,4,791,3,439
7,12331,5,1,2034,2944,7584587,1,4,22571,0,3826,6,446
7,28316,0,9,4784,3440,7590135,25,17,18060,4,1923,9,462
1,20676,0,2,5201,2696,7601612,6,6,8740,3,657,1,412
3,16442,3,3,2904,2614,7588950,2,4,17164,1,3918,5,497
3,19139,0,1,3314,4056,7594367,2,19,16162,3,1510,4,447
5,22630,2,5,3575,2342,7592525,4,7,13651,1,3549,7,471
5,16686,2,2,3183,2564,7586250,5,8,20907,1,3250,11,465
3,22546,1,2,4257,3464,7593177,5,16,15507,5,1955,6,473
3,16937,1,0,3600,3386,7597669,4,5,11809,1,1888,7,435
5,20659,0,1,4865,2444,7592325,7,8,16023,6,1818,6,470
3,19293,2,0,4062,2203,7589521,1,11,17072,2,3097,9,457
2,25339,0,4,4259,3269,7593854,13,7,14794,3,1970,7,460
2,22476,0,6,4767,3209,7596318,9,8,13823,8,974,2,436
2,26185,0,7,5191,2354,7594405,7,13,13239,5,2010,5,491
1,24815,0,6,5625,2062,7599937,7,10,9445,4,929,1,426
3,21601,0,5,4260,3748,7596601,5,3,12862,4,1563,9,477
2,26084,1,7,5724,2187,7597162,7,3,11308,7,1330,3,482
1,21725,0,1,4928,2458,7602675,1,5,5933,1,1668,2,468
5,18763,2,1,3393,3323,7588287,7,13,21026,2,2597,7,492
1,19608,0,1,4942,2974,7602334,3,2,7294,5,1148,2,504
1,23072,2,1,4040,3144,7598018,2,7,10400,0,2202,4,474
6,18263,1,2,4178,2617,7591613,9,6,17423,5,1816,5,481
7,16602,0,0,3110,3884,7591035,3,6,18508,0,2100,8,459
0,20426,0,4,4920,2300,7597255,4,11,11199,3,1744,5,476
1,29535,1,8,5230,2685,7596404,7,17,11401,3,1911,4,478
2,19962,0,1,4203,2843,7593161,6,8,14978,3,2257,6,485
3,21489,0,2,3699,4043,7595470,6,10,14127,2,1781,5,493
1,15896,1,1,3672,2460,7595702,4,4,11759,0,2863,6,487
2,19999,0,0,4723,3151,7601326,7,5,8881,4,967,1,489
4,11288,1,0,3644,2324,7588541,5,5,18906,2,2881,6,480
1,16890,0,0,4079,2166,7593238,3,2,13554,0,2992,10,502
0,19556,1,0,4386,2799,7598637,3,7,9000,0,2421,4,486
0,16768,2,1,4115,2639,7592494,4,0,14535,1,2856,6,500
2,19568,1,3,3288,2884,7594501,3,11,13221,1,2927,3,499
1,20395,3,2,3441,2377,7588034,5,8,19043,2,3163,9,431
0,18317,0,3,4882,3369,7606712,4,3,4506,1,387,0,466
2,19426,0,2,4647,3038,7593460,6,11,15613,9,1566,5,475
2,23187,0,1,4620,2701,7596016,5,6,12645,3,1789,5,490
6,15545,0,0,3304,3623,7593884,6,10,15327,0,2174,2,483
4,25537,2,1,4651,2449,7591200,10,7,16508,4,2241,7,484
2,20813,0,3,3973,2291,7597080,6,7,10624,0,2593,4,495
3,26518,0,4,5644,2760,7593290,10,11,14965,5,1476,5,503
2,26611,2,5,5240,2630,7588090,7,21,18931,5,2289,10,507
0,15856,1,0,3549,2039,7595191,2,0,11788,0,3167,6,505
2,32354,1,6,5691,2235,7596603,7,9,10889,4,1836,4,506
0,18141,0,0,4555,2905,7606305,0,1,3475,0,1271,1,488
1,28594,1,6,4531,3829,7598208,7,15,10819,4,1650,3,498
2,24074,1,4,4328,2727,7594565,6,13,13273,4,2346,3,508
0,15198,0,0,5005,3434,7604924,0,4,5800,2,573,1,510
1,20989,0,4,4557,2334,7600849,5,5,8166,3,1648,1,509
3,23895,1,1,4508,2586,7594063,9,13,13635,2,2324,4,511
2,22213,0,5,4450,3351,7599667,6,12,10748,4,999,2,512
6,22109,1,1,5337,3383,7591707,7,13,16857,4,1466,13,513
2,18155,0,2,3622,2693,7596704,7,2,10720,0,2908,4,515
1,24830,0,8,4469,2949,7600617,4,12,8567,1,1606,4,514
6,24473,1,2,3893,3719,7593874,10,12,13831,0,2625,6,520
1,26174,0,4,5008,2891,7600406,6,5,9082,2,1184,3,518
1,17801,0,0,5081,3043,7599493,3,8,10178,5,1057,2,516
2,24702,0,4,4451,3596,7594462,10,13,14336,2,1804,4,592
3,22655,1,7,3953,3599,7592510,8,14,16085,1,2152,6,524
3,23653,0,2,3825,3514,7596700,5,10,12197,1,2069,5,522
0,29460,0,4,4868,3210,7603743,4,9,5596,2,1332,1,521
1,21907,1,4,4029,4068,7599921,8,10,9643,2,1635,1,530
0,19662,0,0,5264,2526,7605066,3,1,4439,1,1053,0,517
0,24307,2,4,4757,2519,7590356,10,9,16827,3,2455,5,519
3,28042,0,5,4788,2757,7594270,8,5,13655,3,2070,6,523
3,17592,5,0,3237,3428,7585643,4,16,20970,3,3492,10,525
5,14331,1,0,4132,2521,7591183,4,4,17045,1,2248,5,527
2,24051,3,3,3834,2722,7591665,6,6,15000,1,3175,6,526
0,23294,0,0,4803,2737,7602616,3,3,6027,2,1713,1,528
3,18873,2,4,3682,3313,7587686,12,9,19476,2,2994,12,532
4,17457,0,0,4421,2726,7593294,8,7,15812,6,1663,4,534
5,16817,1,1,3068,3719,7594887,2,8,13966,0,2470,4,533
8,23768,1,2,4502,3313,7583945,9,21,22622,4,2879,14,548
1,20941,0,3,4038,2666,7594462,14,7,13727,1,2311,7,623
2,27782,1,7,4621,2585,7588361,16,8,18136,4,2858,10,583
8,27181,0,4,5361,3791,7591514,11,23,17649,4,1157,9,553
3,13288,0,0,4050,2730,7595004,4,5,13705,3,2052,3,552
4,23810,2,3,4094,2927,7586595,12,17,20527,3,2811,8,529
0,16619,4,4,3221,2285,7594830,1,2,11301,0,3757,0,544
6,31038,1,9,4111,3954,7591333,11,23,16259,2,2571,6,549
4,23302,1,0,4302,2513,7583773,6,12,21706,9,3524,14,561
10,23594,2,5,4627,3304,7587305,14,28,20022,7,2434,10,547
3,22458,0,4,4286,2245,7593039,6,6,14655,2,2437,7,538
6,21810,2,3,3462,2490,7584445,6,23,21494,2,3718,11,550
6,19562,0,1,4615,2529,7590290,7,4,17376,5,2281,9,567
0,34565,1,6,5467,3034,7596825,9,14,10627,6,1969,2,540
3,13014,2,0,3111,2220,7590999,2,2,15786,0,3479,7,622
1,17005,0,0,3953,2365,7596869,6,2,11081,1,2478,6,539
1,13369,1,1,3019,2915,7592069,1,7,15409,1,3180,8,543
3,20324,0,5,3722,2996,7595351,3,10,12996,2,2394,7,531
7,18026,3,3,3946,2998,7593370,4,6,14302,3,2618,1,557
3,15285,1,0,3833,2467,7592701,5,5,15066,6,2626,5,542
5,17860,0,1,3809,3334,7592801,5,9,15914,3,2164,7,536
4,20505,1,2,4132,2288,7593033,6,8,14156,3,2768,3,579
5,23537,1,1,5395,3766,7594242,6,23,14818,8,1198,3,555
12,18121,1,2,3530,3159,7585649,10,19,21835,2,2908,11,578
4,24403,1,4,3837,2775,7591453,10,17,16522,4,2514,9,535
2,23549,0,4,5335,2234,7585182,15,8,20051,4,3128,17,587
4,10323,1,0,3588,3238,7594982,4,9,14547,1,1873,2,541
1,36495,0,7,5080,3806,7597979,11,7,10191,1,1802,6,577
3,27050,0,1,5266,2784,7594371,6,12,13355,4,1931,6,568
0,26930,0,2,5286,2922,7602425,5,4,7434,5,861,1,551
2,27805,1,6,4981,3688,7600810,6,2,8413,6,1327,2,564
1,22031,2,4,3505,3157,7589886,11,6,18094,4,2672,14,546
6,24959,0,4,4637,2789,7594219,8,14,14721,2,1638,5,562
5,26129,0,6,3842,3426,7592116,15,20,16400,1,2243,7,589
10,14999,1,0,3729,3594,7590479,5,12,19131,4,1753,6,537
2,14404,1,1,3462,4085,7591545,2,20,17702,3,2074,6,586
0,21384,0,2,5506,1814,7601873,4,1,6165,3,1663,1,572
4,17272,1,0,4108,3128,7597637,3,6,11709,3,1703,3,563
0,17424,0,0,4026,3152,7600649,2,3,8725,1,1735,3,560
2,26286,1,3,5121,2870,7598422,5,7,9682,2,1814,7,580
0,24531,0,3,4828,3599,7602424,6,6,7631,4,992,1,613
8,16684,0,0,4537,2659,7589770,9,5,18481,4,2029,6,559
1,21778,0,4,5409,2141,7598298,2,5,10460,7,1350,1,582
1,23009,1,3,4064,3064,7599963,4,8,9702,2,1569,1,545
13,14674,3,0,2885,3247,7581647,7,17,26566,4,2864,10,556
1,24664,0,8,5141,2251,7602549,6,3,6391,1,1394,1,585
1,21321,0,4,4917,3166,7602736,3,11,7800,4,709,0,558
2,21817,1,1,4519,2220,7593596,5,6,13510,0,2614,8,595
6,21616,1,3,3813,4089,7592312,4,13,16905,0,1911,7,576
2,16190,0,2,3734,2429,7596628,3,5,11594,2,2454,4,554
2,21602,0,2,4422,2665,7595740,6,5,12735,4,1981,4,593
1,21773,0,1,4889,3039,7599773,4,3,9232,2,1487,2,620
4,19941,1,2,4068,2710,7594329,7,9,13461,1,2500,3,616
9,21119,1,12,4654,2618,7586163,10,17,22369,5,1828,5,609
3,24433,2,5,3421,2961,7590932,8,15,16272,3,3114,3,566
2,24894,0,4,3937,2782,7594350,9,7,13963,0,2301,8,584
11,24967,1,1,4019,4402,7589497,10,22,19882,3,1724,3,594
7,14415,1,0,3756,2766,7588578,6,7,19167,6,2670,8,605
7,20409,2,3,3704,2199,7586546,5,13,20334,3,3127,10,618
7,16457,3,1,3502,2566,7587033,5,8,19931,2,3186,9,604
1,17625,1,1,3990,2772,7597928,6,4,10195,2,2373,4,575
3,15444,1,0,3434,2618,7590059,3,8,17605,6,2877,6,573
4,14230,1,1,3912,3349,7596090,2,7,13671,3,1594,3,570
2,18617,0,5,4292,2755,7594821,9,4,13816,3,1960,8,581
1,16199,0,0,4263,2010,7596046,6,1,12111,2,2220,5,565
1,22598,0,2,5716,2669,7599352,7,9,10100,5,847,2,588
6,16613,0,0,3606,2905,7593146,3,2,14336,0,2884,7,621
6,17095,1,2,3172,2814,7594002,2,6,14049,1,2817,5,574
6,23853,1,5,4001,3769,7590026,9,25,20034,4,1395,3,629
0,20230,1,6,4026,2824,7596454,6,4,11718,0,2331,5,596
7,18937,1,1,3458,3586,7589829,10,13,19686,4,1940,1,569
2,20172,0,1,3636,3497,7598506,5,4,10753,1,1983,5,591
4,17887,0,1,3466,3462,7598234,6,7,11133,0,2015,3,603
1,26210,0,3,4617,3768,7601288,4,10,8884,3,1040,1,628
10,29874,0,2,6038,3262,7591302,21,13,16610,4,1436,11,597
0,19089,1,2,3520,2191,7595057,3,7,11773,1,3257,4,601
1,35069,0,6,5383,3786,7600880,4,11,8382,7,1110,1,619
8,20148,0,1,3128,3860,7591814,4,15,17919,2,1997,5,590
4,11803,0,0,2990,3806,7598747,4,4,10748,0,2189,4,600
3,21386,1,4,4183,3126,7592719,9,17,16028,2,1961,5,634
4,27636,0,4,4071,3956,7596070,7,12,13481,4,1617,4,615
1,17506,1,1,4481,1764,7588752,9,6,17555,2,3027,11,602
4,24858,0,5,4801,3906,7597701,6,18,12616,5,871,2,630
5,17349,0,0,5279,2215,7595463,8,1,13863,3,1128,1,599
0,21091,0,2,4710,2093,7602579,4,3,5532,0,2025,2,608
1,15650,0,2,3815,3390,7601862,2,6,8079,2,1558,1,606
0,27106,0,8,4556,3069,7598672,9,13,11006,4,1311,5,611
0,21277,0,3,5338,3444,7609050,3,1,2150,0,169,0,614
2,20680,0,4,4825,3645,7601506,4,12,9261,3,637,2,625
2,22900,0,2,4752,2901,7601421,7,7,8571,2,1061,1,571
0,24867,1,2,4502,3498,7598666,4,9,10803,3,1444,5,598
3,17555,0,0,4118,3029,7596847,7,8,13159,1,1369,3,612
3,16075,1,0,3696,2550,7593962,4,13,14753,2,2223,5,617
4,12699,0,0,3743,2619,7591852,3,5,16706,3,2278,6,626
1,18732,0,4,4242,2825,7598675,4,4,10739,0,1605,4,607
3,21283,0,4,4790,2424,7594851,19,8,14229,3,1490,2,632
1,19461,0,3,3715,2754,7595416,4,5,13475,4,2127,5,610
0,22522,0,5,5046,3216,7604937,1,2,5244,1,825,0,631
2,26948,0,4,4885,2626,7593139,10,16,14824,3,2000,8,624
10,15658,2,0,3327,3590,7588887,8,17,19373,2,2629,4,633
1,15065,0,2,2835,3539,7598517,1,4,11097,0,2209,5,627
2,26585,0,3,4210,3441,7600351,6,13,9794,2,1255,2,635
1,19144,1,1,3739,2217,7595602,3,6,12369,2,2575,5,638
1,20402,0,1,4907,2005,7600274,6,1,8149,0,1768,3,636
3,20134,1,2,4666,2714,7596505,7,4,12101,2,1792,4,637
3,28809,0,3,5172,2631,7599204,7,4,9333,2,1575,4,639
2,17243,1,1,3395,3077,7596419,4,7,12759,1,2146,2,640
10,13291,3,1,2762,3043,7586871,3,2,20244,0,3481,9,641
2,19942,0,1,4247,3014,7594518,8,8,14154,4,1968,5,642
1,21073,3,4,4457,2597,7593462,8,7,14053,5,2438,4,658
2,22264,0,0,4765,2169,7594088,5,5,13942,5,2031,5,643
2,22550,1,1,4561,3449,7597035,5,11,12301,2,1484,1,650
0,27922,0,3,4906,3390,7600247,3,10,9205,6,1253,3,648
1,16271,1,2,4435,1852,7596105,6,0,11245,0,2536,6,644
2,21453,0,3,5351,2138,7593672,10,3,14534,2,1646,8,651
6,25638,2,1,4760,2774,7590190,5,21,16212,4,2842,6,647
7,11741,1,0,3054,2817,7585311,2,5,21311,1,3584,11,645
2,21597,0,3,3490,3988,7598592,6,12,11814,5,1483,2,646
6,18698,2,0,3432,3398,7587043,5,19,21346,1,2515,5,649
1,23584,0,4,4936,3248,7595221,4,12,13480,7,1608,7,655
3,18901,1,1,4570,2347,7594497,2,2,13628,0,2084,4,652
6,21840,0,0,4071,2728,7593073,9,10,15624,4,2041,5,657
5,16369,5,1,3152,2100,7583547,8,7,21937,1,4099,8,659
6,20093,2,0,3680,2374,7585538,6,6,20478,7,3570,9,654
0,25364,0,5,5416,2058,7597601,8,5,9495,1,2174,5,660
0,26989,1,2,6379,2102,7598979,7,9,8468,5,1514,5,681
5,15653,0,1,3978,3153,7590412,4,13,18700,4,1881,7,653
3,18129,1,4,3875,2654,7589459,8,9,17933,4,2786,11,656
12,20454,1,0,3019,4211,7588816,2,17,19735,4,2634,10,708
2,14292,0,0,3590,3646,7595873,4,8,13388,2,2003,7,673
1,19445,1,0,3470,2819,7593443,4,8,13922,4,3010,6,693
3,29491,0,4,5285,4073,7595142,5,24,15160,8,630,8,666
8,26209,0,1,5048,3096,7587654,10,21,19304,9,2412,11,707
4,18704,0,1,4262,3141,7596757,4,12,13359,1,1242,4,661
3,18319,1,3,3408,2715,7596133,6,0,11742,0,2788,4,662
3,18786,3,4,3108,2549,7585072,8,5,21283,0,3687,11,663
7,24817,2,3,4306,4088,7588267,13,22,20385,1,1940,7,679
5,13570,1,0,4287,2548,7589712,5,9,19009,6,1922,4,682
0,13038,2,0,3550,2091,7591147,3,2,15778,1,3191,6,665
1,13857,0,2,3494,2699,7586744,1,8,20262,1,3172,16,684
5,17530,1,0,3429,2599,7589605,3,9,17746,2,3036,7,677
3,21075,1,0,4264,2333,7592643,7,6,14157,2,2895,5,688
4,26196,1,0,4361,2693,7593454,4,11,13385,6,2823,8,664
1,15929,0,3,4447,2314,7595425,4,4,12867,3,2061,5,671
4,21945,1,2,5268,2814,7593520,7,11,15090,3,1487,5,728
0,31142,0,9,5700,3055,7600153,5,10,8634,1,1189,4,687
1,18595,0,1,4504,2978,7600774,2,8,8931,1,1330,3,690
4,19591,0,2,4149,4119,7596083,11,22,13969,1,1327,4,710
2,23647,1,6,4610,3111,7598806,4,16,10995,3,1226,2,669
1,23872,1,3,4877,2439,7595626,7,15,12902,1,1729,2,676
4,23408,0,5,4518,2720,7595113,9,5,14471,4,1379,1,678
1,19590,1,2,4413,2970,7598024,7,5,11047,2,1690,1,689
5,17921,1,2,3995,2622,7593537,7,4,14724,0,2300,4,674
0,25265,0,1,5238,2329,7601150,2,5,7921,2,1281,2,675
1,24871,0,4,4658,2705,7601100,2,5,7958,0,1577,3,667
1,20879,0,1,4800,3218,7602365,1,14,8075,5,815,1,685
6,18240,1,0,3488,2649,7593593,3,1,13954,0,2909,7,702
5,20863,0,3,4000,2638,7593704,7,6,14496,3,2324,8,670
4,14382,1,0,3720,2454,7591975,9,7,15775,3,2693,2,680
3,17165,0,1,3614,3053,7594853,4,16,14507,0,1944,5,695
1,21027,0,0,4503,2076,7597680,7,5,10180,2,2250,3,721
1,20070,0,5,5249,2424,7598225,6,4,11394,4,998,2,672
7,11555,2,0,2416,3685,7587094,0,9,21735,1,2802,8,668
1,15713,0,1,3671,2640,7597952,2,4,10685,0,2279,5,686
3,25892,0,3,5574,2472,7594676,7,7,13767,8,1419,3,703
6,16756,1,0,3444,2643,7586440,7,8,20695,4,3132,8,691
2,16084,2,0,3344,2683,7590990,4,6,16470,1,3025,6,697
6,15593,2,1,2889,3701,7588069,6,14,20480,5,2703,6,696
4,20354,2,1,4226,2825,7589187,7,6,18366,1,2526,15,711
1,15681,0,1,3744,3897,7599849,2,22,11370,5,953,1,692
9,19324,1,4,4365,3132,7583794,15,17,22665,4,2996,16,751
4,23397,0,1,4714,3032,7591284,5,13,17459,3,1696,9,694
0,19754,0,2,4572,2403,7600991,1,5,7541,2,1884,2,705
2,21691,0,6,3769,4284,7601377,2,13,9793,2,967,0,704
1,28080,0,4,4596,3426,7600751,4,12,9300,1,1112,1,701
8,19406,0,3,3231,2947,7590408,7,12,18047,2,2581,7,683
3,25392,0,4,5085,2446,7588974,11,9,18682,8,2046,12,719
3,24359,1,5,4965,2172,7595211,3,3,11764,2,2456,8,699
3,21439,1,3,4129,1936,7590621,8,3,15310,3,3391,10,729
3,22849,0,2,4061,3136,7588683,1,11,18308,3,2897,13,709
0,34945,0,7,6407,3221,7607178,2,1,2351,1,470,0,738
2,29199,0,2,5022,2773,7596261,6,4,11326,6,2121,7,706
4,28406,0,4,5251,3257,7593255,14,12,14937,8,1699,6,727
2,21111,0,0,3763,3333,7596074,8,7,12800,2,2111,4,718
10,18597,2,3,3634,3390,7585467,5,12,21661,2,3040,7,712
2,21302,1,6,4343,3129,7597023,7,7,10999,0,2247,4,698
4,22040,0,0,5305,2805,7596754,4,13,11533,5,1631,6,700
9,13085,0,0,2708,3392,7586874,4,9,21734,2,2766,8,715
6,21898,2,3,4026,3181,7589778,5,18,17645,1,2698,8,732
2,22382,1,2,4968,3009,7599034,5,4,9646,1,1610,0,731
3,25756,1,4,5101,2698,7592841,11,14,16228,6,1340,3,724
3,15676,0,3,5008,2011,7594904,7,2,13896,7,1525,2,742
7,22325,0,5,3250,3534,7591402,9,14,17608,1,2296,5,713
1,32756,0,4,5234,2726,7599879,8,7,8528,3,1611,2,734
1,18120,0,0,4867,2381,7601804,4,0,6825,2,1688,0,722
8,14237,3,0,3356,2623,7587760,3,4,19311,0,3210,6,725
5,19928,2,4,3385,2512,7588115,6,7,18522,2,3411,8,739
1,22182,0,3,4265,2834,7593437,5,11,14980,5,2084,9,740
1,22133,1,0,3500,3899,7599409,2,2,9564,0,2197,3,744
4,31469,1,3,4057,3522,7593638,8,29,14778,5,2185,8,714
6,15930,1,0,4351,2943,7592802,6,11,15838,1,1931,5,730
2,17031,2,3,3821,2530,7591469,5,4,15659,1,2952,6,735
1,20245,0,3,5177,3356,7600782,4,9,9833,6,538,0,733
7,14075,2,1,2853,2312,7586604,5,8,19965,1,3711,8,746
1,24319,0,2,3899,3937,7602558,4,8,7832,3,1290,1,745
2,20206,0,0,4460,2963,7597637,2,7,10470,0,2148,6,726
1,31128,1,10,4928,2362,7598582,5,6,9880,4,1736,2,741
9,17754,3,0,3303,3128,7586903,5,5,20535,1,3050,7,750
8,24411,4,1,4113,3300,7586611,7,21,19845,3,3128,12,743
8,11648,1,0,2727,2813,7587508,1,5,20578,0,3020,7,720
1,19151,1,1,3669,3228,7597521,4,7,11464,1,2105,3,737
0,13120,4,0,2677,2783,7594288,4,2,13686,0,3106,0,748
5,17432,0,0,4221,3289,7594916,6,8,14474,3,1623,4,755
3,19485,0,3,4480,3014,7597033,5,7,11705,3,1821,4,723
2,19393,0,1,3880,3081,7596423,6,12,12617,5,1970,3,749
1,17581,0,0,5319,2593,7602933,5,0,7087,2,766,0,736
1,19820,0,0,4771,1651,7595691,2,5,11679,5,2361,4,716
5,22922,0,3,4496,2257,7593386,8,8,14163,1,2403,7,747
3,15930,0,1,4797,2092,7591415,7,10,16589,4,2026,6,754
3,20279,3,3,3052,2923,7588709,11,7,18197,0,3442,7,756
1,21268,0,5,4812,2526,7599886,5,1,9281,0,1444,3,717
3,24185,0,7,5163,2880,7597373,12,7,10756,2,1781,4,761
3,19914,0,2,4213,3201,7599097,5,12,11182,3,1186,2,758
9,31629,0,4,5912,3133,7596497,13,10,12728,6,854,3,752
2,22703,0,2,3684,4269,7599445,4,12,10961,1,1388,3,757
1,22092,0,2,4780,3428,7601265,8,9,9520,5,649,1,753
1,25342,4,4,3539,2999,7590168,9,12,15793,1,3673,5,760
2,21333,0,1,4287,3176,7598963,2,5,9481,2,2068,3,759
3,17026,2,0,3385,2244,7585800,2,7,20449,0,3604,13,762
0,20390,0,3,4718,2560,7601317,4,12,6922,2,1956,2,763
1,23152,0,4,5153,2345,7597535,10,6,10825,3,1671,5,765
0,18917,0,2,5235,2540,7603377,2,4,6752,3,755,0,764
4,19890,0,3,5233,2500,7592510,7,5,14984,11,2057,8,766
2,22502,0,1,3685,3129,7599811,3,7,9495,1,1939,2,767
4,23191,0,2,4643,1923,7594453,6,4,13213,0,2272,8,768
0,23553,1,7,4178,2595,7595183,11,3,12035,1,2727,7,769
1,29805,0,8,4504,3360,7595952,11,15,12998,5,1701,3,770
2,23848,1,1,4597,2163,7594171,3,6,12989,8,2549,4,772
3,28124,0,7,5469,3419,7603274,7,17,6559,1,778,5,771
2,29953,0,2,5467,3496,7598225,7,16,10424,4,1372,3,774
2,18736,1,2,3711,3163,7595520,0,6,12995,2,2317,6,777
5,20565,1,1,3900,3702,7590064,9,18,19069,3,1908,5,776
2,32883,1,4,5132,3721,7593624,12,22,14679,7,1704,6,775
3,23698,0,3,5091,3618,7598421,8,15,10602,2,1370,6,788
1,24086,0,5,4346,4289,7598770,4,12,10336,4,1705,4,778
6,16527,1,0,3076,4456,7592668,6,15,16289,1,2409,6,773
2,22000,1,3,3759,2677,7594217,3,5,13584,1,2648,7,779
5,21513,0,1,4997,2862,7590054,11,7,18070,6,1860,8,783
3,17550,0,1,4160,3078,7588665,6,11,19062,1,2480,11,781
2,11203,2,0,3031,2813,7590848,1,4,16809,2,3086,4,780
7,18480,1,0,3604,3059,7589519,6,6,18207,5,2758,6,787
13,13276,2,0,2278,3804,7584796,2,14,23709,1,3029,8,785
1,26914,0,1,5146,2698,7601973,4,4,7063,2,1343,2,786
0,25604,1,2,4909,3308,7597564,8,10,11108,1,1638,5,789
8,14490,0,3,3509,3448,7589537,8,3,19677,2,2061,8,790
0,25911,0,2,4494,2812,7599428,5,5,9468,2,1736,5,784
3,18244,0,1,4236,3392,7600633,6,2,8908,1,1545,1,792
2,27709,1,5,5591,2511,7594673,13,17,13649,8,1466,4,794
2,18161,0,1,3931,2985,7593523,3,10,14950,4,2226,7,799
1,15800,0,1,3998,2999,7602623,1,1,6760,0,1746,2,791
4,23895,1,3,3551,2642,7590253,5,8,17233,2,2906,8,793
2,16584,0,3,4254,2884,7598819,3,5,10212,3,1788,5,782
3,19211,4,1,4023,2777,7589027,4,11,17970,2,2909,10,814
2,28316,0,1,5817,1876,7594969,10,10,12591,8,1738,3,796
4,19849,1,2,4050,2234,7592177,7,7,15318,2,2652,7,798
10,29475,0,4,5344,3189,7589457,19,25,17557,4,2236,8,809
2,15451,0,2,3489,3515,7599944,3,5,9937,0,1747,5,800
3,25226,1,2,4782,2748,7594771,8,7,13592,4,1850,8,804
1,19332,0,1,5004,2550,7600400,6,1,8204,0,1629,3,803
2,24838,0,2,4209,3821,7600144,3,10,9742,3,1387,1,801
1,15694,0,1,3758,2399,7597383,3,7,10376,0,2674,5,869
3,22453,0,8,3429,3646,7595834,12,13,13633,0,1979,5,808
7,16633,1,0,4292,2644,7587193,7,11,20449,4,2456,6,834
4,24786,1,6,4201,3783,7594107,10,11,14801,5,1867,7,812
9,20707,1,4,3510,4724,7588494,11,19,21254,6,1789,7,824
1,19886,0,3,4007,4397,7605193,3,6,6781,2,446,0,797
0,21976,0,1,3769,3763,7600946,5,5,9099,0,1527,3,802
2,21503,0,2,4896,2474,7596861,8,6,10872,2,2113,6,806
3,15626,0,0,4380,3064,7599275,5,5,10257,5,1475,2,816
2,19147,1,1,4391,2618,7596562,2,5,12209,2,1851,3,805
2,18745,1,2,3149,2870,7596803,1,2,11383,2,2765,3,795
2,24044,2,4,4007,3858,7592538,8,11,16007,1,2147,8,832
4,25702,0,5,4756,3409,7589402,7,23,18096,6,2296,8,837
2,17348,1,0,3616,2779,7594299,4,8,13753,0,2598,3,813
2,20469,1,2,4424,2275,7598612,3,3,9197,0,2316,3,817
3,27467,0,5,5452,2847,7592440,7,16,15617,6,1667,10,833
9,19426,3,7,3867,3364,7585145,10,17,21641,2,3087,11,828
6,18675,1,2,3757,2584,7587565,10,14,19446,4,3035,9,810
1,25540,2,1,4416,2140,7590174,6,4,15152,8,3551,7,820
2,21406,0,5,3860,3635,7597195,3,7,11753,2,2027,5,840
8,23755,3,6,3864,3084,7583827,15,13,21511,1,3813,9,819
0,25807,0,1,4587,4235,7604242,1,11,7129,4,458,0,818
2,22460,0,4,4561,2822,7596203,3,4,11724,2,2186,6,848
2,18065,1,1,3692,2209,7590081,9,9,17622,0,2727,8,845
5,29772,1,5,5090,3398,7594475,13,30,15083,4,1095,8,815
2,22844,0,2,4159,3232,7597203,5,5,12247,3,1624,6,811
1,25522,0,4,4771,2877,7597007,5,14,11761,8,1659,4,853
5,11641,1,0,2833,2973,7589360,4,4,18424,0,3119,6,856
4,16114,0,0,4342,2362,7590305,4,8,17071,5,2564,10,826
3,10814,2,0,3371,2571,7591108,2,1,15603,2,3387,5,868
1,20839,0,2,5410,2057,7598001,6,1,10771,2,1340,4,841
3,14332,1,2,3193,3478,7595966,2,11,13268,2,2218,3,823
1,23999,1,5,4491,2927,7593910,9,12,13195,4,2627,6,807
2,15623,0,3,3466,2574,7594623,1,10,13588,1,2591,8,821
1,18181,0,1,3589,3413,7602283,4,4,7918,0,1539,3,825
6,18191,2,2,3029,3940,7592576,4,17,16598,4,2327,1,858
2,25243,1,4,4208,2977,7593159,12,15,15106,3,2189,4,846
3,21693,1,2,3495,2529,7592985,7,11,14572,2,2902,4,835
0,22125,0,3,5054,2292,7599785,4,3,8521,1,1753,4,860
0,19508,1,2,3405,3139,7595761,3,5,12780,1,2457,6,839
0,23439,0,5,6253,2149,7603898,3,6,5352,5,683,1,872
6,15303,0,1,4716,3165,7595608,7,9,13901,1,1318,2,827
3,29319,1,3,4517,3083,7595104,9,10,11908,3,2664,2,864
1,29876,0,11,4950,2827,7601798,4,7,7778,4,1170,2,843
3,15686,2,1,3057,2368,7592057,3,7,14969,0,3384,8,855
4,20722,1,1,4134,2544,7594495,3,8,13858,2,2186,4,865
1,22822,1,1,4555,1565,7592454,8,11,13853,3,2995,6,836
6,13317,2,1,4047,1747,7583553,7,9,22157,5,3540,9,847
1,18825,0,3,4310,2102,7595938,5,7,12060,3,2273,8,851
3,23844,1,2,4931,2600,7590722,14,5,16139,1,2526,7,870
2,23086,1,5,3576,3113,7596134,6,8,12436,0,2465,7,854
0,28853,0,1,4927,3062,7599293,5,9,9423,1,1608,7,830
3,25549,0,4,5313,3608,7597208,11,8,12275,5,1029,3,880
1,25664,0,2,5159,3110,7598110,9,10,11082,6,1255,1,842
1,22958,1,1,4037,2641,7591476,5,10,16233,4,2553,7,844
3,22716,0,2,4639,3236,7593661,11,13,14830,3,1862,4,871
7,20088,4,0,3495,3529,7587313,4,10,20251,1,2888,10,861
1,21326,0,4,4479,3385,7597167,6,8,11985,3,1615,4,829
7,19757,5,2,3930,2805,7585642,11,12,19545,3,3857,6,873
8,16988,1,1,5476,2187,7588546,10,5,18568,8,2127,3,876
1,22867,0,1,4856,3207,7595620,3,14,12514,7,1935,4,849
7,17092,1,1,3690,3943,7588026,7,16,22024,6,1552,6,850
2,20638,1,4,4425,2892,7597892,4,17,10990,3,1780,0,852
0,18216,0,1,4599,3494,7603575,3,3,7460,4,618,1,822
1,23479,0,7,5337,2799,7601508,5,11,8701,1,663,0,838
1,25901,0,2,5371,3149,7603416,6,5,6772,1,654,2,863
4,20198,2,3,4297,2006,7590879,8,4,16237,2,2718,5,877
0,24597,0,3,5450,2412,7602991,1,4,5223,0,1605,2,882
4,18032,0,2,3570,3337,7596364,4,7,12295,0,2319,2,887
0,18038,0,0,4768,1937,7597320,3,3,10546,2,2115,5,859
1,16291,0,0,4440,3167,7601672,4,4,8284,2,1238,0,867
5,17443,1,1,3955,2894,7594517,5,3,14347,1,2018,5,875
0,24285,0,2,4728,2995,7601066,7,4,8733,1,1169,3,857
0,18268,0,4,4865,3113,7602884,4,4,7082,2,1020,1,874
1,18072,1,1,3606,2675,7596901,5,6,11502,3,2427,2,862
8,19946,1,0,3276,4123,7596600,2,9,12869,3,2051,8,881
4,18018,2,2,3695,2811,7590961,6,12,16793,2,2703,3,886
2,20360,1,3,3539,2864,7595095,4,11,13302,2,2463,3,831
8,16875,3,1,3169,2376,7586257,6,13,21256,2,3081,5,866
3,18580,1,2,3793,2375,7594682,6,8,13689,3,2348,2,885
2,19109,0,1,3500,3329,7599314,2,4,9978,1,2036,5,879
0,19949,1,3,3692,3150,7597640,5,6,11524,1,2004,3,883
1,19759,1,5,3912,1794,7591525,7,7,14932,3,3238,10,878
1,21251,1,3,3512,3548,7600546,3,10,8976,2,1917,1,884
1,20953,0,2,4911,2914,7603315,1,9,6837,2,905,1,888
2,31128,0,4,6354,2342,7599892,6,4,8183,4,1217,2,889
9,28524,2,5,4358,3613,7588515,16,9,18229,2,2861,11,891
3,26172,1,0,5413,2088,7589842,9,7,17190,13,2195,8,890
1,22683,0,1,4186,3479,7597529,5,6,11593,1,1775,7,892
3,24331,1,4,4986,2530,7593064,6,9,13597,2,2601,8,896
2,24691,2,0,4986,2151,7592934,6,9,13917,2,2508,5,902
1,22867,1,4,4342,2724,7593919,2,6,13858,2,2367,9,893
5,15010,0,0,4521,3526,7594448,7,5,13946,2,1969,6,894
6,19657,1,1,4200,3234,7590045,11,9,18416,0,2093,6,903
14,22373,2,2,5177,2715,7580474,14,16,25709,7,2726,13,921
1,29073,0,1,5796,3046,7600336,2,5,7961,7,1386,2,913
3,23807,0,0,5138,2231,7595760,7,8,12061,4,1948,5,925
3,17044,0,2,4834,2323,7598398,7,6,10438,3,1596,2,899
2,22998,0,0,4413,3100,7598591,8,4,10078,3,1889,3,929
8,15863,3,0,3108,2778,7583410,1,12,22656,1,3833,10,897
1,17621,1,2,3570,3491,7596624,4,6,12285,0,2192,4,951
2,19286,1,4,3614,3423,7597790,4,10,11756,0,1852,3,895
2,26998,1,7,4860,3077,7587131,13,22,19213,9,2812,12,965
2,17594,2,1,4302,2382,7591022,4,5,15546,1,2987,11,956
0,19545,0,0,5897,2231,7605033,2,1,3743,4,1099,1,900
7,24616,1,3,4159,3733,7592603,7,11,16210,6,1935,7,947
2,22404,1,4,3674,3291,7599489,6,7,9107,0,2299,0,970
6,22701,0,1,4663,3659,7593636,1,16,16069,6,1244,5,974
1,26493,0,2,4945,3106,7599872,5,8,9182,4,1431,4,972
5,25165,0,3,4142,4159,7593182,9,17,16369,4,1577,7,949
0,25826,0,2,6032,2553,7598420,6,3,10333,6,1038,3,964
3,22676,0,3,4629,2240,7596293,5,9,11576,1,2183,3,997
3,19712,2,0,4289,2157,7588875,2,12,17547,3,3069,8,898
0,26555,0,6,4777,2766,7605369,2,3,4692,1,1017,2,908
1,14986,1,1,3452,2379,7596012,3,1,11621,1,2888,5,959
0,24528,1,5,4039,2917,7598171,8,3,10681,3,1985,2,953
1,17523,0,3,4024,3350,7596452,5,6,12455,4,1963,6,904
3,20067,1,1,4029,2300,7593793,5,4,13963,3,2533,7,901
5,25807,1,4,4219,4163,7596880,3,15,14059,10,846,4,918
2,20727,0,3,4515,2364,7592242,10,14,16706,2,1694,7,906
3,24077,0,2,5051,2567,7596326,4,10,12050,1,1719,3,927
6,19128,0,3,4120,3140,7592434,9,7,16770,2,1764,5,923
7,17267,1,0,4273,2754,7589560,7,6,18454,1,2279,8,914
1,13086,4,0,3058,2330,7591892,0,3,14380,2,3765,2,941
1,17985,0,5,4504,2893,7599110,3,7,10298,3,1478,2,907
3,26907,1,0,4364,2565,7590218,5,15,17143,3,2559,11,910
6,14456,2,2,3338,2413,7587256,3,5,20011,5,3123,4,911
1,21001,1,1,3572,2131,7591286,3,7,15070,4,3461,9,905
3,23335,1,3,3521,3360,7594321,5,11,14213,1,2401,5,917
2,19322,1,0,3839,2775,7592092,8,3,15831,2,2543,8,924
1,14514,0,0,3597,2122,7595308,3,2,12392,0,2783,6,943
0,20103,0,3,4913,2137,7602659,3,0,6039,1,1630,2,915
2,19276,1,0,4512,2468,7599652,3,1,8643,0,2029,3,982
3,30598,0,9,5363,1931,7596079,8,4,11245,3,2081,8,909
0,22394,0,3,4212,3893,7602207,2,4,7990,2,1231,2,916
1,24084,0,5,4889,2270,7597743,10,6,10230,2,1999,3,999
4,23420,0,6,5459,2616,7598139,4,10,11908,5,679,1,922
3,24699,0,4,3988,3701,7593718,10,14,15527,1,1807,9,919
6,20110,1,3,3616,3297,7595982,6,10,13722,0,1769,3,912
1,25479,1,4,4843,3216,7591851,8,13,15149,4,2499,11,995
1,23428,0,6,4551,3242,7593103,11,11,14757,4,2217,9,940
3,17803,1,0,4614,2693,7592467,10,8,16519,5,1625,4,928
5,23206,1,0,4709,2711,7592182,11,13,14730,3,2611,7,935
0,17568,1,1,4364,2052,7594925,2,6,12112,1,2732,4,945
0,33675,0,1,5834,2525,7598279,4,15,9774,10,1487,2,963
11,16335,0,1,4767,3352,7587135,5,16,21950,3,1497,7,939
0,25027,0,6,5714,3058,7598784,10,9,10317,4,1021,4,933
0,24342,1,2,4566,2315,7594933,5,5,12416,4,2472,4,920
4,27926,0,2,5204,3090,7591729,11,16,16616,7,1650,4,930
4,18962,1,3,4259,1966,7594187,9,8,13546,1,2432,3,948
0,20441,1,0,4163,1876,7596842,3,3,10249,1,2806,3,973
7,29967,0,12,4112,4970,7594340,11,35,15254,11,1567,5,993
4,22863,1,2,2765,3514,7591885,2,15,16395,3,2902,9,954
3,20350,0,1,3934,2209,7587285,2,12,19169,4,3229,12,957
3,20625,0,5,4943,3253,7598426,5,8,11343,3,1076,2,984
10,15308,1,1,3034,2760,7585933,8,11,20780,1,3546,9,967
4,23061,1,0,4588,3162,7591134,6,12,16598,4,2266,5,926
7,25453,0,2,4214,3209,7591748,10,18,16184,4,2346,10,976
4,26806,0,1,5753,2718,7603971,4,2,5975,4,582,2,934
6,19640,1,3,4030,3506,7587580,15,11,20087,2,2571,7,938
5,27829,0,3,5401,2527,7593552,16,10,14898,7,1498,2,969
4,24581,0,8,5006,2474,7592051,14,16,15211,5,2288,6,985
2,21127,0,3,3762,3553,7595495,3,10,12863,0,2371,6,994
5,26952,1,2,4576,4326,7590651,9,20,18372,9,1621,6,977
4,28892,0,9,4751,3843,7591432,17,16,17068,7,1795,5,996
13,15396,3,3,2393,3523,7583121,6,13,24583,0,3370,7,983
1,23638,1,4,4335,3409,7596249,8,7,12806,3,1731,6,978
2,35727,0,6,6270,3414,7600682,12,18,8582,7,661,1,968
2,23084,0,2,4549,3806,7594474,3,19,15151,6,1341,6,992
2,20232,4,2,3354,2326,7589888,8,3,15818,3,3892,5,942
2,26560,1,4,4358,3408,7595134,8,7,13226,4,2068,4,937
0,14231,0,1,3955,2258,7596765,2,3,11141,2,2501,6,961
9,28540,2,3,3534,3952,7590577,17,16,16915,1,2906,4,998
0,19663,0,0,5269,2657,7604092,2,5,6035,3,738,1,955
4,21508,0,2,4197,3628,7595225,3,11,13898,4,1767,7,990
5,19708,0,0,4666,2745,7594935,9,4,13977,3,1640,2,952
2,21906,1,4,4356,3550,7592589,7,14,15931,5,1987,6,946
0,16232,1,1,3413,3233,7597819,1,6,10251,4,2692,2,979
3,22385,0,6,5098,2712,7598795,6,6,10101,0,1434,4,944
9,16538,0,0,4413,2057,7579133,13,6,26782,5,3242,20,981
0,19949,1,3,3715,2902,7597653,5,7,11151,0,2172,4,932
4,18230,1,5,3302,2906,7594286,4,4,14194,2,2537,5,936
1,17847,0,1,4251,3257,7602901,3,1,7341,0,1189,2,931
3,21977,0,2,5454,2406,7594849,5,7,13180,6,1687,4,950
2,24046,0,3,3759,3551,7598788,7,9,10608,1,1854,3,991
9,24337,2,4,5179,3273,7585675,18,19,22083,5,1942,10,980
0,21273,1,9,4978,3142,7598078,7,15,11489,4,1159,1,987
6,24978,1,1,6301,2722,7590760,13,12,16454,6,1663,5,966
2,22878,1,4,4467,2481,7596321,4,11,12272,4,1899,4,962
1,17326,0,0,4613,1861,7597516,2,2,9912,3,2412,4,960
5,26365,1,1,4354,3258,7591274,6,16,17343,4,1936,9,975
5,20370,0,1,4191,3664,7596722,12,9,13642,1,1150,3,988
8,20589,1,2,3347,3480,7589105,8,13,19267,5,2563,5,989
4,22577,0,5,4984,3489,7590451,21,6,17880,7,1760,6,958
3,19630,1,4,3884,3681,7592503,5,13,16314,3,2076,6,971
3,20440,0,1,4162,2926,7596756,5,8,12601,0,1673,3,986
