assortiativity_out_in,assortiativity_out_out,assortiativity_in_in,assortiativity_in_out,avg_clustering_dir,avg_clustering_undir,avg_degree,avg_path_dir,avg_path_undir,density,diameter,diameter_undir,nb_edges,nb_nodes,graph_id
-0.2133,-0.0136,-0.1104,-0.0099,0.6546,0.8477,16.4185,1.7037,2.1011,0.0008761,3,4,76929,9371,102
-0.1557,-0.0074,-0.0038,-0.0003,0.6507,0.8435,16.4185,1.7189,2.0768,0.0008761,3,4,76929,9371,60
-0.1463,-0.0014,0.0778,0.0058,0.6285,0.824,16.4185,1.7565,2.0659,0.0008761,4,4,76929,9371,112
-0.2213,-0.0147,-0.083,0.0027,0.6045,0.8376,16.4185,1.7015,2.0804,0.0008761,3,4,76929,9371,46
-0.1189,-0.0039,0.0611,-0.0011,0.6477,0.8615,16.4185,1.7375,2.0865,0.0008761,4,4,76929,9371,101
-0.2617,-0.0104,-0.1246,-0.0061,0.6566,0.8669,16.4185,1.7095,2.0665,0.0008761,3,3,76929,9371,58
-0.191,-0.0096,-0.1088,-0.0033,0.6565,0.8343,16.4185,1.7162,2.0773,0.0008761,3,4,76929,9371,79
-0.1571,-0.0065,-0.0004,0.0008,0.6472,0.847,16.4185,1.7438,2.1006,0.0008761,4,4,76929,9371,6
-0.2062,-0.0099,0.0289,0.0016,0.608,0.8304,16.4185,1.7132,2.0657,0.0008761,3,4,76929,9371,25
-0.0176,-0.0034,0.1131,0.0036,0.6056,0.8538,16.4185,1.7283,2.0987,0.0008761,4,4,76929,9371,36
-0.1357,-0.0073,-0.0397,-0.0015,0.6315,0.8349,16.4185,1.7368,2.0853,0.0008761,4,4,76929,9371,55
-0.2236,-0.0124,-0.1729,-0.0098,0.6431,0.8771,16.4185,1.678,2.0823,0.0008761,4,4,76929,9371,14
-0.2958,-0.013,-0.2367,-0.013,0.6437,0.8548,16.4185,1.7121,2.0518,0.0008761,4,4,76929,9371,27
-0.0297,-0.0031,0.0935,0.0056,0.6277,0.7963,16.4185,1.7499,2.1457,0.0008761,4,4,76929,9371,75
-0.1799,-0.0069,-0.0939,-0.0075,0.6589,0.8536,16.4185,1.7336,2.0793,0.0008761,4,4,76929,9371,9
-0.1159,-0.0041,-0.0128,0.0003,0.6398,0.8302,16.4185,1.7178,2.0635,0.0008761,4,4,76929,9371,1
-0.1489,-0.0089,-0.0424,0.0011,0.6019,0.811,16.4185,1.7223,2.0799,0.0008761,4,4,76929,9371,19
-0.1461,-0.0078,-0.061,-0.0057,0.6427,0.8381,16.4185,1.7242,2.079,0.0008761,4,4,76929,9371,68
-0.0891,-0.0033,0.0002,-0.0014,0.626,0.841,16.4185,1.7395,2.0899,0.0008761,4,4,76929,9371,109
-0.1909,-0.009,-0.04,-0.0016,0.6146,0.8265,16.4185,1.7156,2.073,0.0008761,4,4,76929,9371,54
-0.1724,-0.0089,-0.1056,-0.0007,0.6166,0.8325,16.4185,1.685,2.0524,0.0008761,3,4,76929,9371,34
-0.1643,-0.0105,-0.1199,-0.0007,0.6445,0.8482,16.4185,1.6908,2.0672,0.0008761,3,4,76929,9371,99
-0.1542,-0.008,0.0246,0.0033,0.6167,0.8094,16.4185,1.717,2.0728,0.0008761,3,4,76929,9371,29
-0.0978,-0.0023,-0.1763,-0.0046,0.6452,0.8459,16.4185,1.7215,2.1277,0.0008761,4,4,76929,9371,0
-0.1832,-0.0116,-0.0827,-0.0072,0.6193,0.828,16.4185,1.7125,2.0772,0.0008761,3,4,76929,9371,89
-0.1749,-0.011,0.1067,0.0091,0.5833,0.8025,16.4185,1.7224,2.085,0.0008761,4,4,76929,9371,33
0.0185,-0.0,0.0775,0.0041,0.6165,0.8049,16.4185,1.7652,2.1253,0.0008761,4,4,76929,9371,42
-0.0876,-0.007,0.0158,-0.0042,0.629,0.8442,16.4185,1.6965,2.0943,0.0008761,3,4,76929,9371,37
-0.1921,-0.0117,-0.0493,-0.0043,0.6507,0.854,16.4185,1.7182,2.1086,0.0008761,3,4,76929,9371,108
-0.1871,-0.0103,-0.0375,0.0018,0.61,0.831,16.4185,1.7012,2.0778,0.0008761,4,4,76929,9371,78
-0.1477,-0.0094,0.0623,-0.0027,0.5788,0.8403,16.4185,1.7249,2.068,0.0008761,3,4,76929,9371,15
-0.2022,-0.0105,-0.1451,-0.0094,0.6442,0.8395,16.4185,1.6999,2.0879,0.0008761,3,4,76929,9371,94
-0.1271,-0.0073,0.0238,0.001,0.6336,0.8624,16.4185,1.7152,2.0837,0.0008761,4,4,76929,9371,77
-0.1456,-0.0084,0.0048,-0.0045,0.6451,0.8541,16.4185,1.7547,2.1051,0.0008761,4,4,76929,9371,65
-0.1982,-0.0089,-0.0184,-0.0016,0.6173,0.857,16.4185,1.7377,2.0915,0.0008761,4,4,76929,9371,98
-0.1716,-0.0076,-0.028,-0.003,0.6172,0.8528,16.4185,1.6951,2.0903,0.0008761,4,4,76929,9371,21
-0.0812,-0.0012,0.0216,0.004,0.6382,0.863,16.4185,1.7064,2.0794,0.0008761,4,4,76929,9371,62
-0.1923,-0.011,0.0594,0.0021,0.6049,0.7968,16.4185,1.7093,2.0738,0.0008761,3,4,76929,9371,38
-0.1592,-0.01,0.0479,-0.0037,0.6191,0.829,16.4185,1.7272,2.0829,0.0008761,4,4,76929,9371,51
-0.186,-0.0125,-0.0938,-0.011,0.6162,0.8618,16.4185,1.7447,2.0603,0.0008761,5,4,76929,9371,81
-0.0789,-0.005,-0.0877,-0.004,0.5973,0.8386,16.4185,1.7401,2.1008,0.0008761,4,4,76929,9371,73
0.0269,0.0008,-0.0616,-0.0049,0.6068,0.8399,16.4185,1.6948,2.1101,0.0008761,4,4,76929,9371,61
-0.1653,-0.0064,-0.1181,-0.0048,0.6929,0.8633,16.4185,1.7133,2.066,0.0008761,4,4,76929,9371,111
-0.1079,-0.0067,-0.0438,-0.0025,0.6535,0.8467,16.4185,1.7072,2.0934,0.0008761,3,4,76929,9371,63
-0.1702,-0.0108,-0.0665,-0.0053,0.6022,0.8277,16.4185,1.6999,2.0888,0.0008761,3,4,76929,9371,52
-0.1104,-0.0023,-0.0376,-0.0026,0.615,0.8357,16.4185,1.7303,2.0746,0.0008761,4,4,76929,9371,50
-0.1599,-0.0059,-0.0629,-0.0017,0.6286,0.861,16.4185,1.7171,2.0829,0.0008761,4,4,76929,9371,2
-0.2065,-0.0123,0.0179,-0.0037,0.6365,0.8525,16.4185,1.7043,2.0769,0.0008761,4,4,76929,9371,59
-0.1192,-0.0057,-0.0528,-0.0053,0.6124,0.8298,16.4185,1.6959,2.0957,0.0008761,4,4,76929,9371,39
-0.1665,-0.0066,0.0063,0.0012,0.5812,0.8244,16.4185,1.7052,2.0634,0.0008761,4,4,76929,9371,72
-0.1156,-0.0098,-0.1221,-0.0111,0.5969,0.8528,16.4185,1.7343,2.1065,0.0008761,4,4,76929,9371,120
-0.1182,-0.0033,-0.1119,-0.0072,0.6539,0.8998,16.4185,1.7529,2.0852,0.0008761,4,4,76929,9371,74
-0.0981,-0.0084,-0.0893,0.0011,0.6148,0.8122,16.4185,1.7214,2.0925,0.0008761,4,4,76929,9371,86
-0.0732,-0.0033,-0.0478,-0.0045,0.6052,0.8616,16.4185,1.7213,2.0923,0.0008761,4,4,76929,9371,126
-0.1987,-0.008,-0.0908,-0.007,0.5959,0.8215,16.4185,1.7134,2.0605,0.0008761,3,4,76929,9371,122
-0.1451,-0.007,-0.0601,-0.005,0.6343,0.8308,16.4185,1.7458,2.0817,0.0008761,4,4,76929,9371,91
-0.1529,-0.0049,-0.1904,-0.0086,0.6759,0.8838,16.4185,1.7473,2.076,0.0008761,4,4,76929,9371,18
-0.0971,-0.0028,-0.0858,-0.0016,0.6527,0.8537,16.4185,1.738,2.1158,0.0008761,4,4,76929,9371,70
-0.1417,-0.0082,0.0313,-0.0013,0.5846,0.8168,16.4185,1.7282,2.1088,0.0008761,4,4,76929,9371,22
-0.1142,-0.0061,-0.0144,-0.0031,0.6274,0.8209,16.4185,1.7108,2.06,0.0008761,4,4,76929,9371,24
-0.0744,-0.0013,-0.0379,-0.003,0.6212,0.8779,16.4185,1.7285,2.0841,0.0008761,4,4,76929,9371,85
-0.0582,-0.0028,0.0498,0.0011,0.5966,0.8169,16.4185,1.7359,2.1056,0.0008761,4,4,76929,9371,88
-0.1252,-0.0083,-0.045,-0.0002,0.6257,0.8491,16.4185,1.7145,2.0842,0.0008761,4,4,76929,9371,114
-0.0809,-0.0032,-0.0112,-0.0017,0.6603,0.8515,16.4185,1.7367,2.0858,0.0008761,4,4,76929,9371,56
-0.1835,-0.0068,-0.0712,-0.0024,0.6019,0.8182,16.4185,1.7306,2.0714,0.0008761,4,4,76929,9371,64
-0.0514,-0.0011,-0.0503,-0.0023,0.6178,0.8447,16.4185,1.7241,2.0898,0.0008761,4,4,76929,9371,125
-0.1039,-0.0025,-0.1136,-0.0092,0.6524,0.9079,16.4185,1.7352,2.0794,0.0008761,4,4,76929,9371,115
-0.1126,-0.0061,-0.1341,-0.0056,0.633,0.8489,16.4185,1.7274,2.0728,0.0008761,4,4,76929,9371,28
-0.0422,-0.0033,-0.0251,-0.0003,0.6462,0.8244,16.4185,1.7869,2.112,0.0008761,5,4,76929,9371,100
-0.1345,-0.0093,-0.0875,-0.0056,0.6127,0.8367,16.4185,1.7032,2.083,0.0008761,4,4,76929,9371,57
-0.0687,-0.0023,-0.1516,-0.0062,0.6042,0.8123,16.4185,1.7321,2.1067,0.0008761,4,4,76929,9371,48
-0.0805,-0.0049,-0.0361,-0.0057,0.6342,0.8484,16.4185,1.7191,2.0945,0.0008761,4,4,76929,9371,26
-0.114,-0.0042,-0.0639,-0.0078,0.6422,0.8341,16.4185,1.7627,2.0934,0.0008761,4,4,76929,9371,97
-0.0631,-0.0047,0.0062,0.0008,0.6268,0.8091,16.4185,1.7408,2.1031,0.0008761,4,4,76929,9371,49
-0.1304,-0.0084,0.0528,-0.0012,0.5974,0.8177,16.4185,1.7551,2.0841,0.0008761,4,4,76929,9371,16
-0.0693,-0.0031,-0.0729,-0.0062,0.6128,0.8475,16.4185,1.7243,2.0986,0.0008761,4,4,76929,9371,5
-0.0949,-0.0066,-0.0797,-0.0052,0.6303,0.8685,16.4185,1.6804,2.0873,0.0008761,3,4,76929,9371,11
-0.1868,-0.0063,0.0057,0.002,0.6857,0.8431,16.4185,1.7245,2.0686,0.0008761,4,4,76929,9371,87
-0.1295,-0.0076,0.0078,-0.0038,0.6178,0.8339,16.4185,1.7243,2.1007,0.0008761,4,4,76929,9371,69
-0.1421,-0.0035,-0.0241,-0.0046,0.6284,0.8224,16.4185,1.6999,2.0706,0.0008761,4,4,76929,9371,71
-0.1128,-0.0059,-0.0828,-0.0028,0.668,0.8657,16.4185,1.6957,2.0912,0.0008761,4,4,76929,9371,117
-0.0812,-0.0017,0.004,0.0012,0.6215,0.8235,16.4185,1.7717,2.0681,0.0008761,5,4,76929,9371,12
-0.2438,-0.0095,0.0921,-0.0015,0.6052,0.8248,16.4185,1.7281,2.0574,0.0008761,4,4,76929,9371,10
-0.0802,-0.0004,0.0456,0.0018,0.5856,0.838,16.4185,1.7434,2.0824,0.0008761,4,4,76929,9371,41
-0.1122,-0.0103,0.0757,-0.0,0.6315,0.8613,16.4185,1.7236,2.0837,0.0008761,4,4,76929,9371,43
-0.1309,-0.0072,-0.0153,-0.0033,0.5984,0.8277,16.4185,1.7184,2.0818,0.0008761,4,4,76929,9371,105
-0.1182,-0.0065,0.0245,0.0001,0.6167,0.852,16.4185,1.7196,2.0769,0.0008761,4,4,76929,9371,8
-0.012,-0.001,0.0349,0.0019,0.6074,0.8191,16.4185,1.732,2.1125,0.0008761,4,4,76929,9371,103
-0.0878,-0.0057,-0.0336,-0.0025,0.6351,0.8723,16.4185,1.7173,2.0856,0.0008761,4,4,76929,9371,93
-0.0515,-0.0041,-0.0997,-0.0058,0.6042,0.8337,16.4185,1.7249,2.0988,0.0008761,4,4,76929,9371,4
-0.0508,-0.0043,0.0451,0.0037,0.6292,0.8443,16.4185,1.689,2.0982,0.0008761,4,4,76929,9371,76
-0.0971,-0.0054,-0.0368,-0.0038,0.6407,0.8493,16.4185,1.7404,2.0823,0.0008761,4,4,76929,9371,66
-0.0718,-0.0046,-0.0176,-0.002,0.6128,0.8177,16.4185,1.7123,2.0906,0.0008761,3,4,76929,9371,123
-0.0636,-0.0062,-0.1056,-0.0047,0.6031,0.8303,16.4185,1.7212,2.1051,0.0008761,4,4,76929,9371,104
-0.0809,-0.0068,0.1084,0.0039,0.6246,0.8402,16.4185,1.7136,2.0822,0.0008761,4,4,76929,9371,96
-0.1263,-0.0036,0.0469,0.0051,0.6464,0.8383,16.4185,1.7115,2.0703,0.0008761,4,4,76929,9371,13
-0.1267,-0.0069,-0.009,-0.0001,0.6266,0.8546,16.4185,1.7146,2.0892,0.0008761,4,4,76929,9371,106
-0.1674,-0.0076,0.0544,0.0047,0.675,0.8655,16.4185,1.7147,2.07,0.0008761,4,4,76929,9371,3
-0.1283,-0.004,-0.0108,-0.0003,0.6264,0.8538,16.4185,1.7125,2.0624,0.0008761,4,4,76929,9371,47
-0.1124,0.0,-0.0336,-0.0047,0.6055,0.8514,16.4185,1.7413,2.0767,0.0008761,4,4,76929,9371,44
-0.131,-0.0058,-0.0041,-0.0018,0.6351,0.8229,16.4185,1.7264,2.0916,0.0008761,4,4,76929,9371,124
-0.1632,-0.0047,-0.0536,-0.003,0.627,0.8344,16.4185,1.6778,2.057,0.0008761,4,4,76929,9371,110
-0.1368,-0.0064,-0.0536,0.0004,0.5929,0.8415,16.4185,1.7052,2.0588,0.0008761,4,4,76929,9371,84
-0.1635,-0.0053,0.0327,-0.0003,0.6157,0.8462,16.4185,1.7495,2.0692,0.0008761,4,4,76929,9371,118
-0.1758,-0.0089,-0.0664,-0.0026,0.6059,0.8329,16.4185,1.7058,2.0606,0.0008761,4,4,76929,9371,20
0.0103,0.0018,-0.013,0.0,0.6427,0.8606,16.4185,1.7548,2.1035,0.0008761,4,4,76929,9371,7
-0.0483,-0.0001,-0.0542,0.0014,0.6159,0.8385,16.4185,1.7372,2.0874,0.0008761,4,4,76929,9371,83
-0.0823,-0.0067,-0.027,0.0001,0.6179,0.8429,16.4185,1.7091,2.0773,0.0008761,4,4,76929,9371,80
-0.0827,-0.003,-0.0016,-0.0031,0.5944,0.8245,16.4185,1.7653,2.0746,0.0008761,4,4,76929,9371,17
-0.0534,-0.0043,0.0289,-0.001,0.6135,0.8321,16.4185,1.6993,2.105,0.0008761,4,4,76929,9371,32
-0.0179,-0.0038,-0.0172,-0.0019,0.6062,0.8139,16.4185,1.6964,2.1139,0.0008761,4,4,76929,9371,53
-0.0993,-0.0034,-0.1025,-0.0044,0.6154,0.8366,16.4185,1.723,2.0734,0.0008761,4,4,76929,9371,45
-0.0226,-0.0025,-0.0277,-0.0003,0.6044,0.8201,16.4185,1.7018,2.0992,0.0008761,4,4,76929,9371,23
-0.0941,-0.0043,0.0133,0.0035,0.6157,0.8595,16.4185,1.7204,2.068,0.0008761,4,4,76929,9371,30
-0.0808,-0.0065,-0.0997,-0.0063,0.6051,0.8596,16.4185,1.7279,2.0768,0.0008761,5,4,76929,9371,116
-0.0879,-0.0014,-0.0509,0.0,0.6526,0.849,16.4185,1.7373,2.0906,0.0008761,4,4,76929,9371,35
-0.0569,0.0008,0.044,-0.0032,0.6073,0.8227,16.4185,1.7403,2.0822,0.0008761,4,4,76929,9371,82
-0.1783,-0.0085,-0.0709,-0.0033,0.6178,0.8066,16.4185,1.7242,2.0766,0.0008761,4,4,76929,9371,67
-0.0775,-0.0046,-0.1282,-0.0097,0.5925,0.8445,16.4185,1.7258,2.0784,0.0008761,4,4,76929,9371,92
-0.1245,-0.0059,0.0452,0.0037,0.6128,0.8416,16.4185,1.7309,2.0952,0.0008761,4,4,76929,9371,90
0.0158,-0.0001,0.0075,0.0009,0.6364,0.843,16.4185,1.7184,2.086,0.0008761,3,4,76929,9371,31
-0.0354,-0.002,-0.0661,-0.0008,0.6325,0.8496,16.4185,1.6818,2.0878,0.0008761,3,4,76929,9371,95
-0.0438,-0.0022,0.0349,0.0047,0.6031,0.8241,16.4185,1.7434,2.0848,0.0008761,4,4,76929,9371,107
-0.0036,0.0021,0.0342,0.0016,0.5972,0.8291,16.4185,1.7315,2.0781,0.0008761,4,4,76929,9371,40
-0.0251,-0.0022,0.0728,0.0039,0.598,0.8157,16.4185,1.7271,2.0823,0.0008761,4,4,76929,9371,113
-0.0861,-0.0037,-0.0438,0.0017,0.6386,0.8578,16.4185,1.6931,2.0667,0.0008761,4,4,76929,9371,119
-0.1072,-0.0028,0.0094,0.001,0.6066,0.8587,16.4185,1.6958,2.0616,0.0008761,4,4,76929,9371,121
-0.1456,-0.0061,0.1081,0.0031,0.6171,0.7999,16.4185,1.7167,2.0901,0.0008761,4,4,76929,9371,132
-0.1572,-0.0063,0.0404,-0.0011,0.6021,0.8287,16.4185,1.7067,2.0983,0.0008761,4,4,76929,9371,128
-0.1961,-0.0135,-0.0599,-0.0007,0.6461,0.8222,16.4185,1.7216,2.1142,0.0008761,4,4,76929,9371,129
-0.1475,-0.0081,-0.1411,-0.0083,0.654,0.8544,16.4185,1.7408,2.0943,0.0008761,4,4,76929,9371,130
-0.1151,-0.0107,-0.0486,-0.0109,0.645,0.8594,16.4185,1.7098,2.0968,0.0008761,3,4,76929,9371,145
-0.1222,-0.0032,0.0052,0.0016,0.6398,0.866,16.4185,1.7635,2.0782,0.0008761,4,4,76929,9371,136
-0.0695,-0.0063,0.029,-0.001,0.59,0.8432,16.4185,1.7133,2.1037,0.0008761,4,4,76929,9371,131
-0.0187,-0.0,-0.0125,-0.0035,0.5932,0.8128,16.4185,1.7116,2.102,0.0008761,4,4,76929,9371,127
-0.1098,-0.009,-0.1221,-0.0069,0.6371,0.8415,16.4185,1.6987,2.0993,0.0008761,3,4,76929,9371,199
-0.2399,-0.0102,-0.0174,0.0003,0.601,0.8189,16.4185,1.7148,2.0525,0.0008761,4,4,76929,9371,138
-0.1318,-0.0077,-0.0415,-0.0,0.597,0.8451,16.4185,1.7309,2.0933,0.0008761,4,4,76929,9371,137
-0.0566,-0.0056,-0.0894,-0.0085,0.6412,0.8609,16.4185,1.7116,2.0866,0.0008761,4,4,76929,9371,133
-0.0256,-0.0045,-0.0473,-0.0031,0.6157,0.8205,16.4185,1.6916,2.1028,0.0008761,4,4,76929,9371,150
-0.16,-0.0083,-0.0741,-0.0056,0.6315,0.8338,16.4185,1.7323,2.0926,0.0008761,4,4,76929,9371,140
-0.0477,-0.0,-0.0118,-0.0021,0.6063,0.8252,16.4185,1.7471,2.1028,0.0008761,4,4,76929,9371,139
-0.206,-0.0095,-0.027,-0.002,0.6308,0.838,16.4185,1.7114,2.0614,0.0008761,3,4,76929,9371,186
-0.1637,-0.0112,-0.0266,-0.0004,0.632,0.8464,16.4185,1.7545,2.0875,0.0008761,4,4,76929,9371,173
-0.2013,-0.0066,0.1485,0.0045,0.6267,0.8718,16.4185,1.7684,2.0687,0.0008761,4,4,76929,9371,146
-0.3061,-0.0145,-0.119,-0.0109,0.6424,0.855,16.4185,1.723,2.0795,0.0008761,4,4,76929,9371,191
-0.1244,-0.0039,0.0276,0.0021,0.6083,0.8166,16.4185,1.7204,2.0724,0.0008761,4,4,76929,9371,155
-0.0692,-0.0051,-0.0071,-0.0038,0.6178,0.8207,16.4185,1.7357,2.0933,0.0008761,4,4,76929,9371,134
-0.2346,-0.0163,-0.0712,-0.0054,0.6354,0.8575,16.4185,1.7025,2.1031,0.0008761,4,4,76929,9371,162
-0.2387,-0.0107,0.0641,0.0,0.6783,0.8769,16.4185,1.7211,2.0673,0.0008761,3,4,76929,9371,213
-0.2824,-0.0135,-0.1089,-0.0088,0.6003,0.8169,16.4185,1.7475,2.0812,0.0008761,4,4,76929,9371,193
-0.0183,0.0001,-0.0111,-0.0032,0.6186,0.8493,16.4185,1.7404,2.0895,0.0008761,4,4,76929,9371,135
-0.1302,-0.0053,-0.0866,-0.0029,0.5882,0.8019,16.4185,1.7054,2.0699,0.0008761,4,4,76929,9371,158
-0.1221,-0.0059,0.0107,-0.0009,0.6169,0.8093,16.4185,1.7178,2.0791,0.0008761,4,4,76929,9371,144
-0.1869,-0.0076,0.0203,0.0018,0.627,0.8672,16.4185,1.7454,2.0689,0.0008761,4,4,76929,9371,148
-0.1557,-0.0094,0.1272,0.0043,0.6201,0.8295,16.4185,1.706,2.0837,0.0008761,4,4,76929,9371,141
-0.1777,-0.0071,-0.0733,-0.0042,0.6568,0.843,16.4185,1.7093,2.0843,0.0008761,3,4,76929,9371,209
-0.034,-0.0058,-0.0082,-0.0013,0.6643,0.848,16.4185,1.7002,2.1233,0.0008761,4,4,76929,9371,190
-0.0517,-0.0007,-0.0178,-0.0056,0.603,0.8554,16.4185,1.7573,2.093,0.0008761,4,4,76929,9371,142
-0.1982,-0.0076,0.0419,0.002,0.6521,0.839,16.4185,1.7097,2.0792,0.0008761,3,4,76929,9371,149
-0.1462,-0.0078,-0.039,-0.0048,0.6033,0.8127,16.4185,1.7435,2.1031,0.0008761,4,4,76929,9371,167
-0.2008,-0.007,-0.1048,-0.0006,0.6694,0.8588,16.4185,1.6866,2.0916,0.0008761,3,4,76929,9371,156
-0.136,-0.0072,-0.1137,-0.0033,0.6159,0.8264,16.4185,1.7235,2.1046,0.0008761,4,4,76929,9371,161
-0.0572,-0.0021,0.0217,0.0009,0.6244,0.8603,16.4185,1.7052,2.1008,0.0008761,4,4,76929,9371,151
-0.0366,-0.0013,0.0722,0.0006,0.6012,0.8283,16.4185,1.7003,2.1042,0.0008761,4,4,76929,9371,143
-0.091,-0.0067,-0.0528,-0.0033,0.6362,0.8219,16.4185,1.7357,2.0894,0.0008761,4,4,76929,9371,163
-0.054,-0.0002,0.0402,-0.0013,0.6333,0.8555,16.4185,1.7198,2.0878,0.0008761,4,4,76929,9371,170
-0.1218,-0.0093,-0.198,-0.0112,0.6311,0.8487,16.4185,1.7047,2.1223,0.0008761,3,4,76929,9371,171
-0.164,-0.0074,-0.1056,-0.0029,0.632,0.8475,16.4185,1.7431,2.1014,0.0008761,4,4,76929,9371,181
-0.1854,-0.0064,-0.1062,-0.0092,0.6014,0.8369,16.4185,1.7437,2.087,0.0008761,4,4,76929,9371,174
-0.1783,-0.01,-0.0619,-0.0076,0.6257,0.85,16.4185,1.7472,2.0707,0.0008761,4,4,76929,9371,165
-0.1266,-0.0063,-0.1677,-0.0068,0.6474,0.8647,16.4185,1.6956,2.0906,0.0008761,4,4,76929,9371,225
-0.0621,-0.0025,-0.105,-0.0055,0.6183,0.8445,16.4185,1.7047,2.0947,0.0008761,4,4,76929,9371,147
-0.1851,-0.013,-0.0544,-0.0064,0.6597,0.8049,16.4185,1.7193,2.1196,0.0008761,4,4,76929,9371,164
-0.0968,-0.0014,-0.1258,-0.0064,0.6168,0.8602,16.4185,1.7464,2.0665,0.0008761,4,4,76929,9371,202
-0.1951,-0.0089,-0.0059,-0.0014,0.6829,0.8644,16.4185,1.6877,2.0778,0.0008761,4,4,76929,9371,157
-0.1423,-0.0076,-0.0521,-0.0023,0.6463,0.8586,16.4185,1.7168,2.0656,0.0008761,4,4,76929,9371,198
-0.0988,-0.0021,0.0178,0.0036,0.6822,0.8586,16.4185,1.7388,2.0859,0.0008761,4,4,76929,9371,195
-0.0487,-0.0048,0.1017,0.0035,0.6127,0.8222,16.4185,1.7292,2.1132,0.0008761,3,4,76929,9371,201
-0.1392,-0.0094,0.0023,0.003,0.6173,0.8449,16.4185,1.712,2.0761,0.0008761,3,4,76929,9371,152
-0.0667,-0.0064,-0.0341,0.0024,0.6146,0.809,16.4185,1.7134,2.0736,0.0008761,4,4,76929,9371,154
-0.0978,-0.0108,0.0521,0.0029,0.6158,0.8162,16.4185,1.7386,2.1193,0.0008761,4,4,76929,9371,196
-0.0693,-0.0025,-0.1347,-0.0047,0.6155,0.8392,16.4185,1.7311,2.0967,0.0008761,4,4,76929,9371,177
-0.0531,-0.0042,-0.1143,-0.0062,0.631,0.8487,16.4185,1.7227,2.0798,0.0008761,4,4,76929,9371,208
-0.0005,-0.0005,-0.0038,0.0014,0.6276,0.825,16.4185,1.7629,2.1019,0.0008761,4,4,76929,9371,236
-0.0524,-0.0005,-0.0706,-0.0037,0.5904,0.8288,16.4185,1.7457,2.0927,0.0008761,4,4,76929,9371,200
-0.1335,-0.0046,0.0016,0.0039,0.6607,0.8403,16.4185,1.737,2.0814,0.0008761,4,4,76929,9371,166
-0.1421,-0.0063,0.0009,-0.0021,0.6142,0.8187,16.4185,1.7191,2.0672,0.0008761,3,4,76929,9371,184
-0.1305,-0.0091,0.0026,-0.0012,0.6125,0.8528,16.4185,1.731,2.1056,0.0008761,4,4,76929,9371,247
-0.1037,-0.0068,-0.1713,-0.007,0.6189,0.8274,16.4185,1.7023,2.0822,0.0008761,3,4,76929,9371,175
-0.1602,-0.0063,0.0068,-0.0015,0.6574,0.852,16.4185,1.7194,2.0906,0.0008761,4,4,76929,9371,194
-0.137,-0.0075,-0.0164,-0.0073,0.6025,0.8471,16.4185,1.7397,2.0808,0.0008761,4,4,76929,9371,249
-0.0637,-0.0029,-0.0009,-0.0008,0.6326,0.8528,16.4185,1.7439,2.0773,0.0008761,4,4,76929,9371,187
-0.0816,-0.0052,-0.0647,-0.0058,0.6362,0.8708,16.4185,1.7194,2.0888,0.0008761,4,4,76929,9371,235
-0.0958,-0.0039,-0.0257,0.0089,0.6177,0.8291,16.4185,1.7378,2.0964,0.0008761,4,4,76929,9371,204
-0.1983,-0.0035,0.0456,0.0012,0.6918,0.8448,16.4185,1.721,2.083,0.0008761,3,4,76929,9371,244
-0.138,-0.0103,-0.0992,0.0001,0.6765,0.8337,16.4185,1.7201,2.1055,0.0008761,4,4,76929,9371,218
-0.0231,-0.0027,-0.0984,-0.0067,0.616,0.8318,16.4185,1.6955,2.0985,0.0008761,4,4,76929,9371,153
-0.0757,-0.004,-0.0891,-0.002,0.6274,0.8519,16.4185,1.72,2.0816,0.0008761,3,4,76929,9371,182
-0.1635,-0.0037,-0.0823,-0.0035,0.5991,0.8191,16.4185,1.7069,2.0739,0.0008761,4,4,76929,9371,172
-0.1109,-0.005,-0.1453,-0.0079,0.639,0.853,16.4185,1.7085,2.0823,0.0008761,4,4,76929,9371,179
-0.097,-0.0036,0.0236,-0.0012,0.5968,0.8389,16.4185,1.7264,2.0836,0.0008761,4,4,76929,9371,159
-0.1754,-0.0035,0.1226,0.002,0.6037,0.8221,16.4185,1.7576,2.0821,0.0008761,4,4,76929,9371,220
-0.1938,-0.0056,0.0097,0.0009,0.6328,0.857,16.4185,1.711,2.053,0.0008761,4,4,76929,9371,185
-0.1147,-0.0053,-0.0354,-0.0017,0.6427,0.8506,16.4185,1.6984,2.0874,0.0008761,4,4,76929,9371,180
-0.1776,-0.01,0.0899,-0.0001,0.6089,0.8395,16.4185,1.7384,2.0925,0.0008761,4,4,76929,9371,245
-0.0278,-0.0019,-0.1049,-0.0023,0.6349,0.8516,16.4185,1.7251,2.0932,0.0008761,4,4,76929,9371,168
-0.1975,-0.0034,-0.0917,0.0016,0.6523,0.8674,16.4185,1.6875,2.0576,0.0008761,4,4,76929,9371,178
-0.0217,0.0002,-0.122,-0.0076,0.6238,0.8516,16.4185,1.7139,2.0781,0.0008761,4,4,76929,9371,197
-0.1124,-0.0063,-0.079,-0.0018,0.6497,0.8083,16.4185,1.6963,2.1003,0.0008761,4,4,76929,9371,224
-0.1467,-0.0109,0.0263,-0.0008,0.6287,0.8671,16.4185,1.7051,2.0981,0.0008761,3,4,76929,9371,229
-0.1465,-0.0047,-0.0432,-0.0003,0.6307,0.8617,16.4185,1.7424,2.0753,0.0008761,4,4,76929,9371,223
-0.1315,-0.006,-0.0087,0.0062,0.6163,0.8046,16.4185,1.7154,2.1124,0.0008761,4,4,76929,9371,189
-0.1783,-0.0099,-0.103,-0.0041,0.6285,0.8461,16.4185,1.7092,2.0793,0.0008761,3,4,76929,9371,227
-0.1065,-0.0049,-0.0277,-0.0076,0.5961,0.8697,16.4185,1.7238,2.0759,0.0008761,4,4,76929,9371,206
-0.1246,-0.0066,-0.0198,-0.0028,0.6226,0.8311,16.4185,1.7111,2.0922,0.0008761,3,4,76929,9371,239
-0.0937,-0.006,0.0003,0.0002,0.6374,0.8298,16.4185,1.7058,2.0754,0.0008761,4,4,76929,9371,203
-0.1866,-0.0104,-0.1229,-0.0083,0.6061,0.8165,16.4185,1.6952,2.0581,0.0008761,4,4,76929,9371,169
-0.0511,-0.0054,0.0035,-0.0008,0.6357,0.8559,16.4185,1.748,2.1362,0.0008761,4,4,76929,9371,212
-0.215,-0.0131,-0.0909,-0.0037,0.5715,0.7885,16.4185,1.7159,2.0816,0.0008761,4,4,76929,9371,233
-0.2138,-0.0083,-0.0312,0.0028,0.6934,0.8507,16.4185,1.7023,2.0555,0.0008761,3,4,76929,9371,246
-0.0485,-0.0042,-0.0031,-0.0047,0.6223,0.8326,16.4185,1.7044,2.1116,0.0008761,4,4,76929,9371,211
-0.0207,-0.0008,-0.097,-0.007,0.6494,0.8647,16.4185,1.7444,2.0842,0.0008761,4,4,76929,9371,188
-0.2107,-0.0075,-0.1489,-0.0035,0.6337,0.8178,16.4185,1.7119,2.0756,0.0008761,4,4,76929,9371,207
-0.1818,-0.0128,0.0339,0.0004,0.6311,0.8593,16.4185,1.694,2.0831,0.0008761,4,4,76929,9371,251
-0.1165,-0.0043,0.0226,-0.0028,0.6057,0.8401,16.4185,1.7345,2.081,0.0008761,4,4,76929,9371,214
-0.0742,-0.0082,-0.1403,-0.01,0.6483,0.8561,16.4185,1.6898,2.0844,0.0008761,3,4,76929,9371,231
-0.2138,-0.0093,0.0609,0.001,0.6214,0.784,16.4185,1.7281,2.0829,0.0008761,4,4,76929,9371,217
-0.1286,-0.0079,-0.0454,-0.0001,0.6445,0.8296,16.4185,1.6925,2.0861,0.0008761,3,4,76929,9371,215
-0.0885,-0.0003,0.0835,0.0036,0.6373,0.8697,16.4185,1.724,2.0756,0.0008761,4,4,76929,9371,205
-0.0993,-0.008,-0.0992,-0.0047,0.6786,0.8578,16.4185,1.7103,2.0936,0.0008761,4,4,76929,9371,242
-0.0235,-0.0066,0.0398,-0.0029,0.6083,0.8094,16.4185,1.7164,2.0966,0.0008761,4,4,76929,9371,192
-0.0107,-0.0035,-0.0491,-0.0039,0.6127,0.8401,16.4185,1.7081,2.0938,0.0008761,4,4,76929,9371,183
-0.0387,0.004,-0.0856,-0.0063,0.6305,0.8387,16.4185,1.7682,2.1098,0.0008761,4,4,76929,9371,226
-0.1209,-0.0071,0.0427,0.0005,0.6492,0.8718,16.4185,1.7229,2.0764,0.0008761,4,4,76929,9371,219
-0.0944,-0.0019,-0.101,-0.003,0.6511,0.8608,16.4185,1.7306,2.0814,0.0008761,4,4,76929,9371,237
-0.0652,-0.0071,0.0317,0.0037,0.6122,0.8268,16.4185,1.673,2.0821,0.0008761,3,4,76929,9371,176
-0.0909,-0.0036,0.0141,-0.002,0.6113,0.804,16.4185,1.6955,2.0899,0.0008761,4,4,76929,9371,216
-0.0608,-0.0003,-0.0575,0.0019,0.5792,0.8265,16.4185,1.6948,2.0808,0.0008761,4,4,76929,9371,160
-0.14,-0.0083,0.009,-0.0004,0.6264,0.8299,16.4185,1.7354,2.0833,0.0008761,4,4,76929,9371,252
-0.1335,-0.0094,-0.025,-0.0033,0.6207,0.8418,16.4185,1.7136,2.0736,0.0008761,4,4,76929,9371,221
0.0122,-0.0019,0.0462,-0.0016,0.6324,0.8471,16.4185,1.7254,2.1014,0.0008761,4,4,76929,9371,210
-0.1522,-0.0049,-0.0815,-0.0071,0.6363,0.8489,16.4185,1.6963,2.0729,0.0008761,4,4,76929,9371,243
-0.0565,-0.0063,0.0477,0.0036,0.6145,0.8156,16.4185,1.751,2.1319,0.0008761,4,4,76929,9371,234
-0.1435,-0.003,-0.0815,-0.0021,0.6426,0.8434,16.4185,1.729,2.0646,0.0008761,4,4,76929,9371,232
-0.1194,-0.0066,-0.0306,-0.0048,0.6391,0.8926,16.4185,1.6984,2.0693,0.0008761,3,4,76929,9371,250
-0.0602,-0.0031,0.0698,0.0015,0.6045,0.8393,16.4185,1.6802,2.0743,0.0008761,3,4,76929,9371,230
-0.0888,-0.0066,-0.0891,-0.0076,0.6499,0.8783,16.4185,1.7066,2.0924,0.0008761,4,4,76929,9371,238
-0.0702,-0.0049,-0.0845,-0.003,0.6194,0.8593,16.4185,1.7144,2.1016,0.0008761,4,4,76929,9371,222
-0.0634,-0.0029,0.0782,0.0092,0.5866,0.8164,16.4185,1.7137,2.0931,0.0008761,4,4,76929,9371,253
-0.0454,-0.0016,-0.0376,-0.0008,0.6266,0.8486,16.4185,1.7254,2.0855,0.0008761,4,4,76929,9371,241
-0.1534,-0.0069,-0.0497,-0.0022,0.5865,0.8306,16.4185,1.7319,2.0623,0.0008761,4,4,76929,9371,240
-0.1003,-0.0048,0.1463,0.0043,0.5884,0.787,16.4185,1.7332,2.0728,0.0008761,4,4,76929,9371,228
-0.062,0.0008,-0.0023,-0.0044,0.5439,0.8092,16.4185,1.8205,2.0753,0.0008761,5,4,76929,9371,248
-0.1213,-0.0079,-0.1204,-0.0077,0.6277,0.8479,16.4185,1.6867,2.0753,0.0008761,4,4,76929,9371,257
-0.1377,-0.0047,-0.1079,-0.0043,0.6062,0.8398,16.4185,1.7118,2.072,0.0008761,4,4,76929,9371,254
-0.1724,-0.0086,-0.0724,-0.0114,0.6115,0.8323,16.4185,1.7277,2.1136,0.0008761,4,4,76929,9371,270
-0.1109,-0.0037,-0.1244,-0.0087,0.628,0.843,16.4185,1.7296,2.0869,0.0008761,4,4,76929,9371,255
-0.1759,-0.0088,-0.0727,-0.0018,0.648,0.8368,16.4185,1.7096,2.079,0.0008761,3,4,76929,9371,274
-0.0924,-0.003,0.0781,-0.0012,0.6181,0.8566,16.4185,1.6924,2.0707,0.0008761,4,4,76929,9371,256
-0.1286,-0.0081,-0.0016,-0.003,0.6109,0.7961,16.4185,1.6925,2.1122,0.0008761,3,4,76929,9371,260
-0.2374,-0.0132,-0.0309,-0.0087,0.6156,0.8355,16.4185,1.6842,2.0794,0.0008761,4,4,76929,9371,266
-0.1238,-0.0097,-0.0605,-0.0043,0.6284,0.8385,16.4185,1.6984,2.0781,0.0008761,4,4,76929,9371,258
-0.0989,-0.0053,-0.0515,-0.0037,0.6387,0.848,16.4185,1.7063,2.0712,0.0008761,4,4,76929,9371,264
-0.2319,-0.0127,0.0488,-0.0009,0.6461,0.8381,16.4185,1.729,2.0842,0.0008761,4,4,76929,9371,324
-0.246,-0.016,-0.1049,-0.0089,0.6332,0.858,16.4185,1.6586,2.079,0.0008761,3,4,76929,9371,265
-0.0793,-0.0031,-0.0166,-0.0046,0.6165,0.8534,16.4185,1.7139,2.0804,0.0008761,3,4,76929,9371,259
-0.1948,-0.0122,0.0247,0.0027,0.5781,0.8353,16.4185,1.7202,2.0872,0.0008761,4,4,76929,9371,284
-0.1345,-0.005,-0.0416,-0.0048,0.6414,0.8627,16.4185,1.7242,2.0736,0.0008761,4,4,76929,9371,267
-0.2083,-0.0101,-0.1057,-0.0063,0.6206,0.8691,16.4185,1.721,2.0715,0.0008761,4,4,76929,9371,262
-0.1455,-0.0068,0.0345,-0.0029,0.5882,0.8006,16.4185,1.7041,2.072,0.0008761,4,4,76929,9371,261
-0.1231,-0.0061,-0.1235,-0.0044,0.6219,0.8132,16.4185,1.7097,2.082,0.0008761,4,4,76929,9371,263
-0.1817,-0.0098,-0.1186,-0.009,0.6259,0.8373,16.4185,1.695,2.1048,0.0008761,4,4,76929,9371,277
-0.1767,-0.0074,-0.065,-0.0047,0.566,0.7906,16.4185,1.7108,2.0743,0.0008761,3,4,76929,9371,301
-0.2348,-0.0113,-0.1336,-0.0056,0.6757,0.8774,16.4185,1.7125,2.0601,0.0008761,4,4,76929,9371,323
-0.146,-0.0047,-0.0546,-0.0066,0.6174,0.834,16.4185,1.7278,2.0671,0.0008761,4,4,76929,9371,268
-0.1635,-0.0063,0.0329,0.0002,0.602,0.8185,16.4185,1.7496,2.0772,0.0008761,4,4,76929,9371,319
-0.081,-0.003,0.1616,0.0003,0.6186,0.8156,16.4185,1.7295,2.11,0.0008761,4,4,76929,9371,269
-0.1818,-0.0118,-0.0595,0.0003,0.5889,0.8146,16.4185,1.7279,2.0945,0.0008761,3,4,76929,9371,279
-0.1125,-0.0059,0.0034,0.0003,0.5696,0.7812,16.4185,1.7232,2.0861,0.0008761,4,4,76929,9371,276
-0.1918,-0.006,-0.1502,-0.008,0.659,0.8602,16.4185,1.7133,2.0647,0.0008761,4,4,76929,9371,318
-0.1738,-0.0033,-0.023,-0.0023,0.6371,0.8393,16.4185,1.6917,2.0541,0.0008761,4,4,76929,9371,286
-0.1055,-0.0002,-0.0743,-0.0022,0.6176,0.844,16.4185,1.7458,2.0715,0.0008761,4,4,76929,9371,313
-0.2227,-0.0105,-0.0801,-0.0012,0.6493,0.8632,16.4185,1.6961,2.0731,0.0008761,3,4,76929,9371,292
-0.1712,-0.0117,-0.0114,-0.0024,0.5941,0.8495,16.4185,1.7069,2.1014,0.0008761,4,4,76929,9371,291
-0.1603,-0.0025,-0.013,-0.0057,0.5581,0.8035,16.4185,1.7395,2.0641,0.0008761,4,4,76929,9371,336
-0.1852,-0.0123,-0.0374,-0.0013,0.666,0.836,16.4185,1.6957,2.0616,0.0008761,3,4,76929,9371,327
-0.0725,-0.0023,0.0143,0.0016,0.6431,0.8462,16.4185,1.7394,2.0788,0.0008761,4,4,76929,9371,285
-0.1238,-0.0055,0.0391,0.0024,0.6104,0.8474,16.4185,1.7042,2.0793,0.0008761,3,4,76929,9371,271
-0.0939,-0.0066,-0.0747,-0.0046,0.6011,0.838,16.4185,1.7253,2.1009,0.0008761,4,4,76929,9371,278
-0.1379,-0.0031,-0.0493,-0.0042,0.6121,0.8311,16.4185,1.7492,2.0849,0.0008761,4,4,76929,9371,304
-0.1267,-0.0117,-0.161,-0.006,0.643,0.8692,16.4185,1.6968,2.1069,0.0008761,3,4,76929,9371,316
-0.1915,-0.0058,-0.0504,-0.0036,0.629,0.8673,16.4185,1.72,2.0626,0.0008761,4,4,76929,9371,275
-0.0608,0.0001,0.0703,0.0011,0.6311,0.8264,16.4185,1.7575,2.078,0.0008761,4,4,76929,9371,287
-0.231,-0.0116,-0.0895,-0.0046,0.6552,0.861,16.4185,1.6961,2.0791,0.0008761,3,4,76929,9371,314
-0.1773,-0.0122,-0.0354,-0.0001,0.6074,0.8409,16.4185,1.7096,2.0813,0.0008761,4,4,76929,9371,306
-0.1067,-0.0052,-0.1672,-0.0049,0.6203,0.8315,16.4185,1.7094,2.0892,0.0008761,4,4,76929,9371,288
-0.0444,-0.0051,0.0933,-0.0009,0.6062,0.8545,16.4185,1.7328,2.101,0.0008761,4,4,76929,9371,273
-0.1081,-0.0088,-0.0342,-0.0068,0.6171,0.8247,16.4185,1.72,2.0938,0.0008761,4,4,76929,9371,272
-0.1738,-0.007,-0.1067,-0.0061,0.6607,0.8677,16.4185,1.7431,2.083,0.0008761,4,4,76929,9371,296
-0.109,-0.0082,-0.0967,-0.0009,0.6109,0.8401,16.4185,1.7107,2.0949,0.0008761,4,4,76929,9371,280
-0.136,-0.0041,-0.131,-0.0091,0.6575,0.8634,16.4185,1.67,2.0712,0.0008761,4,4,76929,9371,302
-0.1813,-0.0084,0.0371,0.0003,0.6111,0.8426,16.4185,1.7186,2.0705,0.0008761,4,4,76929,9371,299
-0.2281,-0.0127,-0.0802,-0.0008,0.6126,0.8156,16.4185,1.7198,2.1008,0.0008761,4,4,76929,9371,329
-0.1155,-0.0073,-0.0634,0.0001,0.6034,0.8389,16.4185,1.6779,2.0967,0.0008761,3,4,76929,9371,283
-0.1107,-0.0074,-0.0042,0.003,0.653,0.8418,16.4185,1.6876,2.0852,0.0008761,4,4,76929,9371,289
-0.1923,-0.0048,0.022,-0.003,0.6288,0.8422,16.4185,1.6802,2.05,0.0008761,4,4,76929,9371,348
-0.1218,-0.0071,0.0182,-0.0007,0.6678,0.8618,16.4185,1.7059,2.0757,0.0008761,4,4,76929,9371,320
-0.04,0.002,0.0553,0.0068,0.6252,0.8512,16.4185,1.7684,2.1074,0.0008761,4,4,76929,9371,282
-0.1032,-0.003,0.0053,-0.0007,0.616,0.8442,16.4185,1.6911,2.0882,0.0008761,4,4,76929,9371,293
-0.0668,0.0025,0.0382,0.0018,0.6084,0.798,16.4185,1.7041,2.0798,0.0008761,4,4,76929,9371,300
-0.0355,0.001,0.0399,-0.0012,0.6434,0.8507,16.4185,1.7454,2.0829,0.0008761,4,4,76929,9371,281
-0.1123,-0.0038,0.0038,0.0017,0.6118,0.835,16.4185,1.74,2.0723,0.0008761,4,4,76929,9371,303
-0.1371,-0.0072,-0.0696,-0.0029,0.6158,0.8611,16.4185,1.7269,2.0702,0.0008761,4,4,76929,9371,310
-0.1935,-0.004,-0.0198,-0.0007,0.6857,0.8754,16.4185,1.702,2.0723,0.0008761,4,4,76929,9371,290
-0.223,-0.0109,-0.0589,-0.0025,0.5928,0.8352,16.4185,1.7287,2.0721,0.0008761,4,4,76929,9371,328
-0.1459,-0.0086,-0.0384,-0.0027,0.6288,0.8083,16.4185,1.7494,2.1198,0.0008761,4,4,76929,9371,305
-0.1529,-0.0073,-0.1481,-0.004,0.6174,0.8464,16.4185,1.7238,2.0809,0.0008761,4,4,76929,9371,311
-0.1419,-0.0059,0.0446,-0.0012,0.6196,0.8613,16.4185,1.7209,2.0828,0.0008761,4,4,76929,9371,298
-0.1061,-0.003,-0.0262,0.0029,0.5854,0.7953,16.4185,1.719,2.0624,0.0008761,4,4,76929,9371,295
-0.15,-0.0037,-0.025,-0.0012,0.6388,0.8576,16.4185,1.7119,2.0771,0.0008761,4,4,76929,9371,312
-0.0433,-0.0045,0.0192,0.001,0.5924,0.8221,16.4185,1.7367,2.1085,0.0008761,4,4,76929,9371,309
-0.0189,0.0009,-0.0059,-0.0007,0.6242,0.7992,16.4185,1.7608,2.1235,0.0008761,4,4,76929,9371,335
-0.1445,-0.0108,-0.1052,-0.012,0.5873,0.8279,16.4185,1.71,2.0983,0.0008761,4,4,76929,9371,317
-0.0357,-0.0026,0.0955,0.0049,0.5704,0.8042,16.4185,1.7314,2.0963,0.0008761,4,4,76929,9371,297
-0.1305,-0.011,0.1206,0.0004,0.6035,0.8321,16.4185,1.7368,2.0768,0.0008761,4,4,76929,9371,325
-0.088,-0.0055,0.0211,0.0048,0.6265,0.8598,16.4185,1.7202,2.103,0.0008761,4,4,76929,9371,294
-0.1572,-0.0075,0.0198,0.0003,0.6141,0.8806,16.4185,1.7406,2.0911,0.0008761,4,4,76929,9371,343
-0.0868,-0.0062,-0.0281,-0.0056,0.6186,0.8403,16.4185,1.6908,2.0823,0.0008761,3,4,76929,9371,307
-0.1166,-0.0044,-0.0148,0.0015,0.6419,0.8444,16.4185,1.6975,2.0773,0.0008761,4,4,76929,9371,330
-0.026,-0.0042,-0.0578,-0.0046,0.6283,0.8631,16.4185,1.7236,2.1102,0.0008761,4,4,76929,9371,349
-0.1343,-0.0071,-0.0365,-0.0059,0.6112,0.8553,16.4185,1.7309,2.0769,0.0008761,4,4,76929,9371,315
-0.1329,-0.0029,0.028,0.0003,0.6367,0.8225,16.4185,1.7449,2.076,0.0008761,3,4,76929,9371,331
-0.1654,-0.0074,-0.1003,-0.0094,0.6044,0.7937,16.4185,1.7348,2.0854,0.0008761,4,4,76929,9371,332
-0.0469,-0.0032,0.0115,-0.0015,0.6468,0.8578,16.4185,1.69,2.1137,0.0008761,4,4,76929,9371,322
-0.1319,-0.0042,-0.0072,-0.0043,0.6109,0.8535,16.4185,1.712,2.0595,0.0008761,4,4,76929,9371,308
-0.2242,-0.0104,-0.0111,0.0025,0.6236,0.8202,16.4185,1.7208,2.0607,0.0008761,4,4,76929,9371,341
-0.0839,-0.0055,-0.0814,-0.0057,0.6831,0.864,16.4185,1.6851,2.0934,0.0008761,4,4,76929,9371,364
-0.1394,-0.0044,0.0964,0.0011,0.6122,0.8453,16.4185,1.7613,2.0855,0.0008761,4,4,76929,9371,334
0.0337,-0.0008,-0.1066,-0.0056,0.6057,0.8212,16.4185,1.7595,2.1123,0.0008761,4,4,76929,9371,326
-0.0666,-0.0051,-0.1762,-0.0066,0.5879,0.862,16.4185,1.6852,2.1136,0.0008761,4,4,76929,9371,342
-0.086,-0.0092,-0.0957,-0.0053,0.6506,0.8411,16.4185,1.68,2.0723,0.0008761,3,4,76929,9371,337
-0.1421,-0.0084,-0.1325,-0.0113,0.612,0.8199,16.4185,1.7196,2.1006,0.0008761,4,4,76929,9371,357
-0.2104,-0.0108,-0.0167,-0.0042,0.6621,0.8518,16.4185,1.718,2.0881,0.0008761,3,4,76929,9371,374
-0.1242,-0.0073,0.024,0.0038,0.6634,0.8579,16.4185,1.7063,2.0903,0.0008761,4,4,76929,9371,339
-0.1499,-0.0046,0.0856,0.0043,0.5914,0.8092,16.4185,1.7565,2.0959,0.0008761,4,4,76929,9371,352
-0.1057,-0.0041,-0.0475,-0.0055,0.6374,0.8314,16.4185,1.7785,2.1186,0.0008761,5,4,76929,9371,362
-0.13,-0.0031,0.0531,-0.0005,0.6329,0.8536,16.4185,1.7477,2.0793,0.0008761,4,4,76929,9371,340
-0.0591,-0.0071,0.0286,0.0041,0.6347,0.844,16.4185,1.7132,2.1297,0.0008761,4,4,76929,9371,350
-0.2125,-0.0107,-0.0081,0.0035,0.6026,0.8022,16.4185,1.7075,2.0741,0.0008761,4,4,76929,9371,367
-0.1945,-0.0083,-0.0384,-0.0069,0.594,0.8045,16.4185,1.7567,2.086,0.0008761,5,4,76929,9371,338
-0.1869,-0.0045,-0.0531,-0.0059,0.6523,0.8594,16.4185,1.7454,2.0703,0.0008761,4,4,76929,9371,356
-0.1175,-0.0104,-0.1599,-0.0071,0.6099,0.8529,16.4185,1.6915,2.1016,0.0008761,3,4,76929,9371,359
-0.1823,-0.0069,-0.0928,-0.0086,0.6396,0.872,16.4185,1.6992,2.0744,0.0008761,4,4,76929,9371,353
-0.1289,-0.0087,0.0185,0.0031,0.6243,0.8327,16.4185,1.717,2.0704,0.0008761,4,4,76929,9371,366
-0.0756,-0.0056,-0.109,-0.0078,0.606,0.8521,16.4185,1.7373,2.0862,0.0008761,4,4,76929,9371,321
-0.1264,-0.0063,0.0339,0.0016,0.6565,0.841,16.4185,1.7072,2.1009,0.0008761,3,4,76929,9371,346
-0.2303,-0.0129,0.0256,-0.0032,0.5921,0.7837,16.4185,1.7221,2.0814,0.0008761,4,4,76929,9371,358
-0.1213,-0.0005,-0.0831,-0.0045,0.6396,0.8534,16.4185,1.7872,2.0927,0.0008761,5,4,76929,9371,370
-0.1179,-0.0059,-0.1104,-0.0046,0.6634,0.8541,16.4185,1.7081,2.0805,0.0008761,4,4,76929,9371,360
-0.1588,-0.0063,-0.0014,-0.0014,0.6151,0.8384,16.4185,1.7181,2.0669,0.0008761,4,4,76929,9371,354
-0.067,-0.002,-0.1104,-0.0067,0.5748,0.8031,16.4185,1.7303,2.0924,0.0008761,5,4,76929,9371,345
-0.0928,-0.0067,-0.0336,-0.0013,0.6264,0.8451,16.4185,1.7071,2.0795,0.0008761,3,4,76929,9371,361
-0.1307,-0.0044,-0.1146,-0.0056,0.6162,0.8751,16.4185,1.707,2.0727,0.0008761,4,4,76929,9371,351
-0.0987,-0.0022,0.0429,0.0004,0.619,0.8266,16.4185,1.7331,2.0764,0.0008761,4,4,76929,9371,376
-0.1499,-0.0054,-0.0761,-0.0048,0.6049,0.84,16.4185,1.69,2.0831,0.0008761,4,4,76929,9371,355
0.0272,0.0032,-0.0153,-0.0029,0.6313,0.8774,16.4185,1.7302,2.092,0.0008761,4,4,76929,9371,333
-0.1323,-0.0115,0.1476,0.0045,0.5744,0.773,16.4185,1.7165,2.0864,0.0008761,3,4,76929,9371,378
-0.0538,0.0006,-0.106,-0.006,0.6315,0.8624,16.4185,1.7225,2.0865,0.0008761,4,4,76929,9371,363
-0.0711,-0.0009,-0.0702,-0.0035,0.5898,0.8093,16.4185,1.7093,2.073,0.0008761,4,4,76929,9371,371
-0.1046,-0.0049,-0.0514,-0.0033,0.6104,0.8284,16.4185,1.7217,2.0952,0.0008761,4,4,76929,9371,369
-0.0799,-0.0015,-0.0413,0.0022,0.598,0.8431,16.4185,1.7229,2.0933,0.0008761,4,4,76929,9371,373
0.0226,0.0022,-0.0259,-0.0005,0.5941,0.8229,16.4185,1.7307,2.0981,0.0008761,4,4,76929,9371,347
-0.0851,-0.0014,-0.0495,-0.0022,0.5559,0.8227,16.4185,1.6968,2.0753,0.0008761,4,4,76929,9371,368
-0.1375,0.0005,0.0098,0.0002,0.6225,0.8319,16.4185,1.7512,2.0606,0.0008761,4,4,76929,9371,344
-0.1506,-0.0084,-0.0455,-0.0086,0.6003,0.8246,16.4185,1.7077,2.0855,0.0008761,4,4,76929,9371,365
-0.154,-0.0102,0.0421,-0.0021,0.5966,0.8278,16.4185,1.7258,2.1174,0.0008761,4,4,76929,9371,380
-0.0527,-0.004,-0.1452,-0.0102,0.6145,0.82,16.4185,1.7604,2.1167,0.0008761,4,4,76929,9371,379
-0.0529,-0.0049,0.1411,0.0041,0.6468,0.8182,16.4185,1.7189,2.0745,0.0008761,4,4,76929,9371,375
-0.1614,-0.0066,-0.0334,-0.0053,0.6432,0.844,16.4185,1.7134,2.0613,0.0008761,4,4,76929,9371,377
-0.0616,-0.0072,0.0298,0.0014,0.6156,0.8377,16.4185,1.6956,2.0763,0.0008761,4,4,76929,9371,372
-0.1413,-0.0091,-0.1732,-0.0088,0.681,0.8479,16.4185,1.6739,2.125,0.0008761,3,4,76929,9371,382
-0.0943,-0.0054,0.0065,-0.001,0.6352,0.8065,16.4185,1.7109,2.0795,0.0008761,3,4,76929,9371,381
-0.0449,-0.0021,0.0177,-0.0009,0.6465,0.8512,16.4185,1.6891,2.0849,0.0008761,4,4,76929,9371,383
-0.1362,-0.0065,-0.1126,-0.0041,0.6477,0.8736,16.4185,1.6965,2.0869,0.0008761,4,4,76929,9371,384
-0.0972,-0.0024,0.0462,0.0033,0.6141,0.8239,16.4185,1.7279,2.0848,0.0008761,4,4,76929,9371,385
-0.2044,-0.0088,-0.1065,-0.0028,0.6022,0.845,16.4185,1.6723,2.0683,0.0008761,3,4,76929,9371,386
-0.2224,-0.0103,-0.0575,-0.0068,0.6316,0.822,16.4185,1.6579,2.0649,0.0008761,3,4,76929,9371,390
-0.0723,-0.0036,0.0178,-0.0008,0.6443,0.8589,16.4185,1.7346,2.0931,0.0008761,4,4,76929,9371,398
-0.1221,-0.0044,-0.1064,-0.0036,0.6621,0.8591,16.4185,1.6792,2.0723,0.0008761,4,4,76929,9371,391
-0.1083,0.0009,0.0413,0.0021,0.5635,0.8213,16.4185,1.7616,2.0756,0.0008761,4,4,76929,9371,388
0.0064,-0.0002,0.1408,0.0021,0.6044,0.7999,16.4185,1.7231,2.1093,0.0008761,4,4,76929,9371,387
-0.2043,-0.0103,-0.0886,-0.0094,0.6144,0.8183,16.4185,1.7314,2.0757,0.0008761,4,4,76929,9371,394
-0.1536,-0.0058,-0.0358,-0.0018,0.649,0.8577,16.4185,1.7049,2.075,0.0008761,4,4,76929,9371,389
-0.2267,-0.0093,-0.0153,-0.0065,0.6113,0.8643,16.4185,1.717,2.0566,0.0008761,4,4,76929,9371,395
-0.0844,-0.0094,-0.0718,-0.0043,0.6693,0.8516,16.4185,1.6987,2.1032,0.0008761,4,4,76929,9371,393
-0.1637,-0.0027,0.0096,-0.0014,0.6071,0.8379,16.4185,1.777,2.0751,0.0008761,4,4,76929,9371,397
-0.0812,-0.0083,-0.0564,-0.0045,0.6451,0.8745,16.4185,1.7359,2.1244,0.0008761,4,4,76929,9371,406
-0.1691,-0.012,-0.1286,-0.0072,0.6342,0.8316,16.4185,1.6883,2.0869,0.0008761,3,4,76929,9371,400
-0.1319,-0.0088,-0.0046,-0.004,0.6018,0.8126,16.4185,1.7251,2.1023,0.0008761,4,4,76929,9371,396
-0.133,-0.0083,-0.0122,-0.0001,0.6152,0.8351,16.4185,1.7141,2.0815,0.0008761,4,4,76929,9371,392
-0.1897,-0.0115,-0.0691,-0.0096,0.6336,0.8322,16.4185,1.7127,2.072,0.0008761,4,4,76929,9371,448
-0.1176,-0.0078,-0.0087,-0.0011,0.6116,0.859,16.4185,1.7194,2.0712,0.0008761,4,4,76929,9371,399
-0.1537,-0.0037,0.0544,0.005,0.6631,0.873,16.4185,1.7353,2.0875,0.0008761,4,4,76929,9371,401
-0.1402,-0.01,-0.0303,-0.0019,0.6017,0.8057,16.4185,1.7139,2.0558,0.0008761,4,4,76929,9371,457
-0.061,-0.0016,0.0004,-0.0008,0.6573,0.8512,16.4185,1.6851,2.0954,0.0008761,3,4,76929,9371,407
-0.1024,-0.0026,0.0178,-0.0042,0.578,0.8336,16.4185,1.7325,2.0938,0.0008761,4,4,76929,9371,412
-0.2231,-0.0105,-0.1223,-0.0054,0.6528,0.8367,16.4185,1.7014,2.0785,0.0008761,4,4,76929,9371,410
-0.1523,-0.0095,-0.0752,-0.0002,0.6444,0.8716,16.4185,1.7002,2.0878,0.0008761,4,4,76929,9371,431
-0.2667,-0.0167,-0.132,-0.0078,0.6149,0.8013,16.4185,1.6594,2.0823,0.0008761,3,4,76929,9371,430
-0.1567,-0.0071,-0.0237,-0.0011,0.672,0.846,16.4185,1.7199,2.0764,0.0008761,4,4,76929,9371,405
-0.2102,-0.0137,0.0866,0.0036,0.583,0.8028,16.4185,1.6992,2.0746,0.0008761,4,4,76929,9371,416
-0.0889,-0.0031,-0.0781,-0.0133,0.632,0.8545,16.4185,1.7489,2.1043,0.0008761,4,4,76929,9371,442
-0.0524,-0.006,-0.0345,-0.0021,0.6572,0.8675,16.4185,1.706,2.0881,0.0008761,4,4,76929,9371,414
-0.0756,-0.0051,-0.046,-0.0033,0.6759,0.8437,16.4185,1.7073,2.0725,0.0008761,4,4,76929,9371,408
-0.0311,-0.0039,0.0218,0.0014,0.6313,0.8167,16.4185,1.7359,2.1111,0.0008761,4,4,76929,9371,417
-0.1554,-0.0066,0.0166,-0.0038,0.604,0.8211,16.4185,1.7259,2.0661,0.0008761,4,4,76929,9371,402
-0.1035,-0.0091,-0.0046,-0.0056,0.6381,0.8715,16.4185,1.728,2.0874,0.0008761,4,4,76929,9371,404
-0.2428,-0.0144,-0.0955,-0.004,0.6151,0.8538,16.4185,1.6957,2.0673,0.0008761,3,4,76929,9371,455
-0.1038,-0.0019,0.0245,0.0016,0.6248,0.8276,16.4185,1.7499,2.1054,0.0008761,4,4,76929,9371,440
-0.1446,-0.0073,-0.2078,-0.012,0.6227,0.8309,16.4185,1.7407,2.0966,0.0008761,4,4,76929,9371,444
-0.1701,-0.0055,-0.1272,-0.0068,0.664,0.8581,16.4185,1.704,2.0786,0.0008761,4,4,76929,9371,428
-0.1452,-0.0075,-0.1001,-0.0016,0.6123,0.8321,16.4185,1.7245,2.0735,0.0008761,4,4,76929,9371,425
-0.0373,-0.0075,-0.1389,-0.0104,0.6428,0.8503,16.4185,1.7072,2.092,0.0008761,4,4,76929,9371,409
-0.1359,-0.0076,0.0493,0.0011,0.6354,0.8573,16.4185,1.7234,2.0984,0.0008761,4,4,76929,9371,420
-0.1937,-0.009,-0.0646,0.0003,0.608,0.7909,16.4185,1.717,2.0773,0.0008761,4,4,76929,9371,418
-0.2309,-0.0105,-0.0431,-0.0014,0.6485,0.8275,16.4185,1.7299,2.0549,0.0008761,4,4,76929,9371,411
-0.0451,-0.0036,-0.1307,-0.0044,0.6571,0.86,16.4185,1.6861,2.09,0.0008761,3,4,76929,9371,447
-0.232,-0.0112,-0.0491,-0.0049,0.6069,0.8433,16.4185,1.7338,2.1018,0.0008761,4,4,76929,9371,422
-0.1797,-0.0105,-0.0896,-0.006,0.6234,0.8576,16.4185,1.7265,2.0749,0.0008761,4,4,76929,9371,424
-0.0639,-0.0028,0.0255,0.0011,0.664,0.8646,16.4185,1.728,2.0951,0.0008761,3,4,76929,9371,449
-0.1525,-0.0101,0.0261,-0.003,0.6258,0.8604,16.4185,1.7068,2.0694,0.0008761,4,4,76929,9371,429
-0.0671,-0.0041,0.059,0.0062,0.6555,0.839,16.4185,1.7298,2.0978,0.0008761,4,4,76929,9371,421
-0.2171,-0.0137,-0.1157,-0.0125,0.6189,0.8177,16.4185,1.7437,2.0688,0.0008761,4,4,76929,9371,462
-0.0487,-0.0001,-0.0005,-0.0047,0.6351,0.8194,16.4185,1.7738,2.0776,0.0008761,4,4,76929,9371,413
-0.1303,-0.0092,-0.0957,-0.0051,0.618,0.8191,16.4185,1.7204,2.0738,0.0008761,4,4,76929,9371,432
-0.1576,-0.0082,-0.0474,-0.0018,0.6689,0.8495,16.4185,1.6745,2.0652,0.0008761,3,4,76929,9371,445
-0.0726,-0.0056,-0.2081,-0.0163,0.6321,0.8428,16.4185,1.7495,2.1345,0.0008761,4,4,76929,9371,426
-0.1097,-0.0047,-0.0281,-0.0015,0.6197,0.8494,16.4185,1.6751,2.0767,0.0008761,4,4,76929,9371,419
-0.1216,-0.0024,-0.0145,0.0018,0.6323,0.8107,16.4185,1.7244,2.0817,0.0008761,4,4,76929,9371,452
-0.2066,-0.0139,0.0753,0.0047,0.5927,0.8341,16.4185,1.7266,2.0702,0.0008761,4,4,76929,9371,427
-0.2334,-0.012,0.046,-0.0054,0.6052,0.8282,16.4185,1.7334,2.0687,0.0008761,4,4,76929,9371,433
0.0087,0.0033,-0.0087,0.0048,0.5863,0.8074,16.4185,1.711,2.0867,0.0008761,4,4,76929,9371,403
-0.0904,-0.0093,0.0257,0.0039,0.5774,0.8133,16.4185,1.7091,2.0886,0.0008761,4,4,76929,9371,415
-0.1432,-0.0074,0.1088,0.0012,0.6519,0.855,16.4185,1.7419,2.0813,0.0008761,4,4,76929,9371,438
-0.1805,-0.0081,0.1142,-0.0018,0.6192,0.8406,16.4185,1.7414,2.0653,0.0008761,4,4,76929,9371,434
-0.1072,-0.0038,-0.0461,-0.0013,0.5868,0.8228,16.4185,1.8199,2.0916,0.0008761,5,4,76929,9371,436
-0.0687,-0.0009,0.032,-0.0024,0.5989,0.843,16.4185,1.7561,2.0704,0.0008761,4,4,76929,9371,435
0.0391,0.0051,-0.1196,-0.0079,0.6081,0.8536,16.4185,1.7445,2.1068,0.0008761,4,4,76929,9371,454
-0.129,-0.0052,-0.1216,-0.0107,0.6093,0.8536,16.4185,1.6938,2.0941,0.0008761,4,4,76929,9371,451
-0.0848,-0.0033,-0.1032,-0.0036,0.6367,0.8449,16.4185,1.7311,2.082,0.0008761,4,4,76929,9371,439
-0.1373,-0.006,0.1091,-0.0008,0.6383,0.8342,16.4185,1.7397,2.0785,0.0008761,4,4,76929,9371,446
-0.071,-0.0019,-0.0241,-0.0042,0.6339,0.8386,16.4185,1.7603,2.079,0.0008761,4,4,76929,9371,456
-0.063,-0.006,-0.0383,0.0008,0.5943,0.8202,16.4185,1.711,2.0835,0.0008761,4,4,76929,9371,423
-0.0274,-0.0024,0.0086,0.0057,0.6143,0.8421,16.4185,1.7288,2.0849,0.0008761,4,4,76929,9371,443
-0.136,-0.0051,-0.0751,-0.0016,0.6157,0.8637,16.4185,1.7468,2.0866,0.0008761,4,4,76929,9371,437
-0.2209,-0.0052,-0.0298,-0.002,0.5845,0.7992,16.4185,1.7441,2.0603,0.0008761,4,4,76929,9371,458
-0.1,-0.0055,0.0602,0.0009,0.651,0.837,16.4185,1.7148,2.0872,0.0008761,4,4,76929,9371,441
-0.0381,-0.0033,0.0351,0.0002,0.6248,0.8352,16.4185,1.7149,2.097,0.0008761,4,4,76929,9371,450
-0.1359,-0.0104,-0.036,-0.0028,0.6457,0.8539,16.4185,1.6937,2.106,0.0008761,3,4,76929,9371,461
-0.1388,-0.0056,-0.1966,-0.0062,0.6905,0.8717,16.4185,1.7014,2.0721,0.0008761,3,4,76929,9371,460
-0.1535,-0.0107,-0.0672,-0.0054,0.6339,0.8536,16.4185,1.6893,2.1094,0.0008761,3,4,76929,9371,483
-0.1514,-0.0058,-0.0418,-0.0026,0.5867,0.8422,16.4185,1.7149,2.06,0.0008761,4,4,76929,9371,464
-0.1365,-0.0088,-0.0252,-0.006,0.5997,0.83,16.4185,1.7466,2.0931,0.0008761,4,4,76929,9371,476
-0.1063,-0.0047,0.0417,0.0015,0.6403,0.8298,16.4185,1.7138,2.0821,0.0008761,4,4,76929,9371,473
-0.2389,-0.013,-0.1792,-0.0088,0.6851,0.8722,16.4185,1.6819,2.0702,0.0008761,3,4,76929,9371,503
-0.1173,-0.0025,-0.0019,-0.0023,0.6527,0.8638,16.4185,1.6978,2.0654,0.0008761,4,4,76929,9371,459
-0.1599,-0.0072,0.0798,0.0069,0.6346,0.8474,16.4185,1.7625,2.0783,0.0008761,4,4,76929,9371,471
-0.1155,-0.0034,-0.1138,-0.0074,0.6517,0.8675,16.4185,1.643,2.0681,0.0008761,3,4,76929,9371,453
-0.148,-0.0058,-0.0745,-0.0058,0.6572,0.8579,16.4185,1.7286,2.097,0.0008761,4,4,76929,9371,495
-0.1272,-0.0056,0.0375,0.0022,0.6675,0.8635,16.4185,1.7129,2.0938,0.0008761,3,4,76929,9371,481
-0.0292,-0.0052,0.0549,0.005,0.6352,0.8474,16.4185,1.6794,2.1073,0.0008761,4,4,76929,9371,469
-0.0802,-0.0077,-0.1111,-0.0095,0.6161,0.8347,16.4185,1.711,2.1015,0.0008761,4,4,76929,9371,465
-0.053,-0.0004,-0.122,-0.0018,0.6275,0.8368,16.4185,1.6774,2.113,0.0008761,4,4,76929,9371,470
-0.1417,-0.0059,-0.0388,-0.0057,0.6502,0.8707,16.4185,1.7301,2.0701,0.0008761,4,4,76929,9371,480
-0.0845,-0.0067,-0.0147,-0.0006,0.608,0.8026,16.4185,1.7102,2.0926,0.0008761,4,4,76929,9371,474
-0.18,-0.005,-0.0731,-0.0062,0.5783,0.8413,16.4185,1.7253,2.0522,0.0008761,4,4,76929,9371,467
-0.2235,-0.0092,-0.1645,-0.0063,0.6355,0.835,16.4185,1.6821,2.0757,0.0008761,4,4,76929,9371,472
-0.1047,-0.0051,-0.0707,-0.0069,0.6238,0.847,16.4185,1.7329,2.0892,0.0008761,4,4,76929,9371,463
-0.0902,-0.007,0.0013,0.0008,0.6116,0.8474,16.4185,1.7375,2.0936,0.0008761,5,4,76929,9371,496
-0.0958,-0.0066,-0.0762,-0.0043,0.616,0.8571,16.4185,1.7067,2.0866,0.0008761,4,4,76929,9371,479
-0.1243,-0.0038,0.0868,0.0075,0.6455,0.8543,16.4185,1.7523,2.0941,0.0008761,4,4,76929,9371,478
-0.2699,-0.0129,-0.0332,0.0006,0.6541,0.8377,16.4185,1.6731,2.0676,0.0008761,4,4,76929,9371,488
-0.1514,-0.0087,-0.0008,-0.0039,0.6139,0.8354,16.4185,1.7108,2.0797,0.0008761,4,4,76929,9371,486
-0.2225,-0.0113,0.0689,0.0027,0.6006,0.8279,16.4185,1.7257,2.0684,0.0008761,4,4,76929,9371,493
-0.0775,-0.0069,0.0317,-0.0028,0.5899,0.8394,16.4185,1.7398,2.1016,0.0008761,4,4,76929,9371,490
-0.0908,-0.0029,-0.0109,-0.0063,0.6371,0.8729,16.4185,1.7558,2.0995,0.0008761,4,4,76929,9371,487
-0.1378,-0.0124,0.0165,0.0002,0.6041,0.8283,16.4185,1.7078,2.0709,0.0008761,4,4,76929,9371,466
-0.1341,-0.0042,-0.073,-0.003,0.5679,0.7913,16.4185,1.7152,2.0764,0.0008761,4,4,76929,9371,468
-0.1578,-0.0082,0.0506,0.0042,0.6325,0.8445,16.4185,1.7427,2.0718,0.0008761,4,4,76929,9371,477
-0.0927,-0.0033,-0.0066,0.0014,0.6385,0.866,16.4185,1.7632,2.1023,0.0008761,5,4,76929,9371,500
-0.1334,-0.0062,0.0031,0.0002,0.598,0.8091,16.4185,1.6844,2.0816,0.0008761,4,4,76929,9371,482
-0.1382,-0.0067,-0.0152,0.001,0.6259,0.8138,16.4185,1.7587,2.1211,0.0008761,4,4,76929,9371,501
-0.1114,-0.0013,0.0399,0.0044,0.5865,0.7915,16.4185,1.7392,2.0712,0.0008761,5,4,76929,9371,484
-0.0498,-0.0042,0.0153,0.0009,0.6068,0.818,16.4185,1.7214,2.1047,0.0008761,3,4,76929,9371,502
-0.139,-0.0085,0.0507,0.0003,0.5699,0.7794,16.4185,1.7277,2.0776,0.0008761,5,4,76929,9371,475
-0.1382,-0.0038,0.0056,-0.0009,0.6232,0.8657,16.4185,1.7205,2.0736,0.0008761,4,4,76929,9371,499
-0.1055,-0.0009,0.0668,-0.0016,0.6012,0.8507,16.4185,1.7611,2.0651,0.0008761,4,4,76929,9371,489
-0.0561,-0.0057,-0.0459,-0.0019,0.6243,0.7823,16.4185,1.7068,2.1071,0.0008761,4,4,76929,9371,485
-0.2068,-0.0125,-0.0898,-0.0066,0.6385,0.8416,16.4185,1.6884,2.0697,0.0008761,4,4,76929,9371,491
-0.1314,-0.0072,-0.0138,-0.0,0.6115,0.8173,16.4185,1.7331,2.0683,0.0008761,4,4,76929,9371,494
-0.1214,-0.0059,-0.1034,-0.0043,0.6075,0.7992,16.4185,1.7152,2.0876,0.0008761,4,4,76929,9371,505
-0.1573,-0.0092,-0.0237,-0.0053,0.6081,0.8576,16.4185,1.7276,2.0701,0.0008761,4,4,76929,9371,506
-0.0042,0.0011,0.0356,-0.0007,0.6219,0.8302,16.4185,1.7009,2.1017,0.0008761,4,4,76929,9371,492
-0.0857,-0.0019,0.0595,0.0026,0.6282,0.8316,16.4185,1.7338,2.0895,0.0008761,4,4,76929,9371,498
0.014,0.0017,0.0443,0.003,0.6307,0.8182,16.4185,1.7142,2.0956,0.0008761,4,4,76929,9371,497
-0.1087,-0.0058,-0.0388,-0.0047,0.6224,0.8577,16.4185,1.6698,2.0637,0.0008761,3,4,76929,9371,504
-0.1063,-0.0028,-0.0231,0.0018,0.6038,0.8081,16.4185,1.6943,2.0732,0.0008761,4,4,76929,9371,507
-0.1935,-0.0103,-0.0129,-0.0047,0.6376,0.8625,16.4185,1.707,2.0544,0.0008761,3,4,76929,9371,508
-0.1277,-0.0063,-0.094,-0.0044,0.637,0.8336,16.4185,1.7064,2.0879,0.0008761,3,4,76929,9371,509
-0.14,-0.0035,-0.0427,-0.0036,0.5701,0.7846,16.4185,1.7755,2.0741,0.0008761,4,4,76929,9371,510
-0.169,-0.0095,-0.0792,-0.0026,0.6516,0.8484,16.4185,1.7173,2.1009,0.0008761,4,4,76929,9371,511
-0.0657,-0.0016,-0.0852,-0.0092,0.6291,0.8584,16.4185,1.7229,2.0779,0.0008761,4,4,76929,9371,512
-0.1321,-0.0063,0.0939,0.0053,0.6393,0.8217,16.4185,1.7146,2.0649,0.0008761,3,4,76929,9371,513
-0.0825,-0.0028,-0.0893,-0.004,0.6382,0.8483,16.4185,1.7612,2.098,0.0008761,4,4,76929,9371,526
-0.2696,-0.0147,-0.1467,-0.0015,0.6291,0.85,16.4185,1.7113,2.0727,0.0008761,4,4,76929,9371,516
-0.0186,-0.0025,0.037,-0.0009,0.6311,0.8524,16.4185,1.7393,2.1126,0.0008761,4,4,76929,9371,514
-0.2413,-0.0104,-0.16,-0.0085,0.6921,0.8552,16.4185,1.6691,2.0724,0.0008761,3,4,76929,9371,519
-0.2025,-0.0089,-0.1166,-0.0026,0.6258,0.8468,16.4185,1.7028,2.0743,0.0008761,3,4,76929,9371,518
-0.0688,-0.0023,-0.079,-0.0028,0.6166,0.8133,16.4185,1.7242,2.0839,0.0008761,4,4,76929,9371,515
-0.0962,-0.0041,-0.0586,-0.0031,0.6374,0.8554,16.4185,1.7455,2.0864,0.0008761,4,4,76929,9371,520
-0.0568,-0.0021,0.0019,0.0006,0.6208,0.8217,16.4185,1.7083,2.1058,0.0008761,4,4,76929,9371,524
-0.1003,-0.0035,0.0009,0.0012,0.6131,0.8587,16.4185,1.6972,2.0751,0.0008761,3,4,76929,9371,517
-0.053,-0.0007,0.0613,-0.0001,0.636,0.8419,16.4185,1.7417,2.0967,0.0008761,4,4,76929,9371,521
-0.1453,-0.0086,-0.1012,-0.0062,0.6124,0.8434,16.4185,1.7414,2.1007,0.0008761,4,4,76929,9371,528
-0.0518,-0.0049,-0.0008,-0.0007,0.628,0.8464,16.4185,1.7163,2.0909,0.0008761,4,4,76929,9371,522
-0.0517,-0.0067,0.0759,0.0047,0.6394,0.8223,16.4185,1.7179,2.1135,0.0008761,4,4,76929,9371,525
-0.0515,-0.0034,-0.0204,0.0003,0.6253,0.8358,16.4185,1.7146,2.0938,0.0008761,4,4,76929,9371,529
-0.1115,-0.0056,-0.0284,-0.001,0.6363,0.8585,16.4185,1.7389,2.0841,0.0008761,4,4,76929,9371,523
-0.1537,-0.0038,0.0084,-0.0001,0.6004,0.7913,16.4185,1.6931,2.0661,0.0008761,4,4,76929,9371,550
-0.1662,-0.0126,0.0014,-0.0001,0.6284,0.821,16.4185,1.695,2.1002,0.0008761,3,4,76929,9371,535
-0.1601,-0.0034,0.0328,0.0017,0.6328,0.8361,16.4185,1.7478,2.091,0.0008761,4,4,76929,9371,547
-0.1132,-0.0072,-0.1004,-0.0046,0.5955,0.8496,16.4185,1.6796,2.0848,0.0008761,3,4,76929,9371,533
-0.1581,-0.0059,-0.0171,0.0005,0.6445,0.8684,16.4185,1.7093,2.0833,0.0008761,3,4,76929,9371,532
-0.1258,-0.0081,0.0199,-0.0005,0.5846,0.7893,16.4185,1.7051,2.0919,0.0008761,4,4,76929,9371,531
-0.1377,-0.0102,-0.0388,-0.0042,0.6069,0.8278,16.4185,1.7132,2.095,0.0008761,4,4,76929,9371,534
-0.16,-0.012,0.0321,-0.0027,0.5881,0.8108,16.4185,1.688,2.0663,0.0008761,3,4,76929,9371,527
-0.0869,-0.0056,-0.1291,-0.006,0.6343,0.8564,16.4185,1.7139,2.1047,0.0008761,4,4,76929,9371,546
-0.101,-0.0058,0.0032,0.0025,0.6184,0.8647,16.4185,1.6656,2.0736,0.0008761,3,4,76929,9371,544
-0.0654,-0.0052,-0.0301,-0.0007,0.6479,0.8332,16.4185,1.7081,2.0801,0.0008761,4,4,76929,9371,540
-0.0396,-0.005,0.0631,0.0099,0.6211,0.8221,16.4185,1.7412,2.1359,0.0008761,4,4,76929,9371,536
-0.0964,-0.0034,0.0524,0.0027,0.6285,0.8608,16.4185,1.7461,2.0877,0.0008761,3,4,76929,9371,539
-0.2113,-0.0151,-0.1127,-0.0047,0.6317,0.8647,16.4185,1.692,2.0743,0.0008761,3,4,76929,9371,542
-0.2038,-0.0059,-0.0798,-0.0057,0.6414,0.8382,16.4185,1.7112,2.0489,0.0008761,4,4,76929,9371,537
-0.1923,-0.0082,-0.0274,-0.0033,0.6098,0.827,16.4185,1.7263,2.0637,0.0008761,5,4,76929,9371,551
-0.0698,-0.0052,-0.0999,-0.0022,0.6276,0.8604,16.4185,1.7084,2.0749,0.0008761,4,4,76929,9371,543
-0.114,-0.0076,-0.0785,-0.0078,0.6303,0.8561,16.4185,1.6989,2.0911,0.0008761,3,4,76929,9371,571
-0.2308,-0.0161,-0.1206,-0.0077,0.6389,0.8243,16.4185,1.6889,2.0952,0.0008761,3,4,76929,9371,581
-0.2207,-0.0139,-0.1133,-0.011,0.5964,0.8359,16.4185,1.7204,2.0816,0.0008761,4,4,76929,9371,557
-0.1416,-0.0098,-0.0338,-0.0025,0.6494,0.8267,16.4185,1.6958,2.1019,0.0008761,4,4,76929,9371,578
-0.1493,-0.0062,-0.0721,-0.0006,0.6422,0.8312,16.4185,1.7161,2.0732,0.0008761,4,4,76929,9371,554
-0.1785,-0.0088,-0.1619,-0.0074,0.6246,0.8468,16.4185,1.7283,2.0856,0.0008761,4,4,76929,9371,564
-0.0276,-0.0044,0.0047,0.002,0.5803,0.8335,16.4185,1.736,2.0936,0.0008761,4,4,76929,9371,567
-0.1287,-0.0056,-0.0972,-0.006,0.6571,0.8686,16.4185,1.7296,2.0797,0.0008761,4,4,76929,9371,549
-0.121,-0.0059,-0.0314,-0.0045,0.6335,0.8446,16.4185,1.7217,2.0941,0.0008761,4,4,76929,9371,563
-0.1541,-0.005,-0.0739,-0.0059,0.5877,0.8359,16.4185,1.7551,2.0757,0.0008761,4,4,76929,9371,561
-0.1373,-0.0065,0.0545,-0.001,0.5906,0.7969,16.4185,1.7016,2.0867,0.0008761,4,4,76929,9371,530
-0.0555,-0.0075,-0.1019,-0.0041,0.6415,0.8659,16.4185,1.7033,2.1135,0.0008761,4,4,76929,9371,556
-0.1257,-0.0051,-0.1151,-0.0075,0.6299,0.8217,16.4185,1.7296,2.0933,0.0008761,4,4,76929,9371,538
-0.0858,-0.0061,-0.0452,0.001,0.6528,0.8568,16.4185,1.6941,2.069,0.0008761,4,4,76929,9371,555
-0.0787,-0.0034,-0.0287,-0.0021,0.6227,0.8334,16.4185,1.7319,2.0848,0.0008761,4,4,76929,9371,572
-0.0868,-0.0097,-0.1541,-0.0105,0.6479,0.8698,16.4185,1.7007,2.1339,0.0008761,3,4,76929,9371,573
-0.1324,-0.0084,-0.122,-0.0052,0.6266,0.8669,16.4185,1.7012,2.0781,0.0008761,3,4,76929,9371,569
-0.0302,-0.0044,-0.1176,-0.0073,0.6611,0.8526,16.4185,1.6207,2.1127,0.0008761,3,4,76929,9371,553
-0.2373,-0.0082,-0.0838,-0.0002,0.6238,0.8446,16.4185,1.7329,2.0567,0.0008761,4,4,76929,9371,570
-0.1096,-0.0059,0.0325,0.0017,0.6644,0.8461,16.4185,1.7075,2.0883,0.0008761,4,4,76929,9371,562
-0.0495,-0.0044,-0.0594,-0.0065,0.5792,0.8194,16.4185,1.6962,2.1096,0.0008761,4,4,76929,9371,568
0.0206,-0.0003,0.0052,-0.0015,0.6222,0.8573,16.4185,1.7224,2.0916,0.0008761,4,4,76929,9371,548
-0.0825,-0.0082,-0.0061,-0.0031,0.6542,0.851,16.4185,1.7165,2.1092,0.0008761,4,4,76929,9371,575
-0.0767,-0.0055,-0.0269,0.0037,0.6166,0.8575,16.4185,1.7383,2.1042,0.0008761,4,4,76929,9371,574
-0.179,-0.012,0.045,-0.0004,0.6135,0.8702,16.4185,1.704,2.0793,0.0008761,3,4,76929,9371,558
-0.0338,-0.0008,-0.1421,-0.0062,0.6066,0.8656,16.4185,1.7193,2.0866,0.0008761,4,4,76929,9371,545
-0.0305,0.0029,-0.0166,-0.0015,0.6048,0.8595,16.4185,1.7828,2.0865,0.0008761,5,4,76929,9371,560
-0.0734,-0.0064,-0.0653,-0.0071,0.5895,0.8288,16.4185,1.7417,2.1235,0.0008761,4,4,76929,9371,565
-0.1412,-0.0026,0.0827,-0.0053,0.574,0.8258,16.4185,1.7486,2.0573,0.0008761,4,4,76929,9371,541
-0.0961,-0.0069,-0.0354,-0.0054,0.6037,0.8379,16.4185,1.692,2.097,0.0008761,3,4,76929,9371,566
-0.1088,-0.0065,0.0003,0.0001,0.6305,0.8305,16.4185,1.7326,2.0737,0.0008761,4,4,76929,9371,552
-0.0277,-0.0004,0.0404,0.0032,0.6458,0.8547,16.4185,1.7422,2.0881,0.0008761,4,4,76929,9371,559
0.0057,0.0036,-0.14,-0.0067,0.6211,0.8317,16.4185,1.6995,2.0956,0.0008761,4,4,76929,9371,576
-0.1202,-0.004,0.0116,0.0022,0.5935,0.8396,16.4185,1.7167,2.0755,0.0008761,4,4,76929,9371,577
-0.2044,-0.0092,-0.0729,-0.003,0.6544,0.852,16.4185,1.695,2.0644,0.0008761,3,4,76929,9371,579
-0.1714,-0.007,-0.0614,-0.0057,0.6674,0.8887,16.4185,1.7093,2.0835,0.0008761,4,4,76929,9371,580
-0.183,-0.0064,-0.0012,0.001,0.5953,0.8247,16.4185,1.6897,2.0715,0.0008761,3,4,76929,9371,589
-0.1621,-0.0078,-0.1212,-0.002,0.6513,0.8558,16.4185,1.7232,2.0704,0.0008761,4,4,76929,9371,584
-0.184,-0.0067,-0.072,-0.0056,0.6345,0.8646,16.4185,1.7479,2.0525,0.0008761,4,4,76929,9371,587
-0.1719,-0.0115,0.0436,0.0018,0.6061,0.8219,16.4185,1.7221,2.1147,0.0008761,4,4,76929,9371,588
-0.114,-0.006,-0.212,-0.0153,0.6498,0.8736,16.4185,1.6848,2.0995,0.0008761,3,4,76929,9371,582
-0.1186,-0.0103,0.0575,-0.0015,0.617,0.7981,16.4185,1.6913,2.0922,0.0008761,3,4,76929,9371,583
-0.0977,-0.0089,-0.114,-0.0044,0.6485,0.8412,16.4185,1.7047,2.1035,0.0008761,4,4,76929,9371,585
-0.1079,-0.0019,-0.0695,-0.0033,0.6375,0.8416,16.4185,1.7602,2.0876,0.0008761,4,4,76929,9371,586
-0.1137,-0.0095,-0.0449,-0.0009,0.6601,0.8367,16.4185,1.703,2.1021,0.0008761,3,4,76929,9371,592
-0.1257,-0.0112,-0.0293,-0.0054,0.6257,0.8712,16.4185,1.676,2.0753,0.0008761,4,4,76929,9371,593
-0.1515,-0.0066,-0.0935,0.0005,0.6138,0.8535,16.4185,1.7241,2.0721,0.0008761,3,4,76929,9371,591
-0.2234,-0.0136,-0.1724,-0.0112,0.6347,0.8595,16.4185,1.7041,2.0799,0.0008761,3,4,76929,9371,623
-0.0409,-0.002,0.0048,-0.0026,0.6273,0.8366,16.4185,1.7373,2.0971,0.0008761,4,4,76929,9371,599
-0.2449,-0.0151,0.0529,0.0035,0.6,0.8031,16.4185,1.7325,2.087,0.0008761,4,4,76929,9371,598
-0.1347,-0.0012,-0.0585,-0.0058,0.6175,0.8333,16.4185,1.748,2.0698,0.0008761,4,4,76929,9371,619
-0.0536,-0.0055,0.0324,-0.001,0.6133,0.8012,16.4185,1.7056,2.1252,0.0008761,4,4,76929,9371,628
-0.0571,-0.0049,0.0776,0.0013,0.5997,0.8236,16.4185,1.7723,2.0893,0.0008761,4,4,76929,9371,590
-0.1705,-0.0063,-0.0614,0.0002,0.6636,0.8551,16.4185,1.7436,2.0567,0.0008761,4,4,76929,9371,620
-0.1352,-0.0071,-0.0573,-0.0037,0.6157,0.8362,16.4185,1.7584,2.0966,0.0008761,4,4,76929,9371,608
-0.1203,-0.0085,-0.0542,-0.0048,0.6426,0.8516,16.4185,1.7103,2.0809,0.0008761,3,4,76929,9371,612
-0.0933,-0.0013,0.0265,-0.0021,0.6483,0.8857,16.4185,1.7133,2.1081,0.0008761,3,4,76929,9371,605
-0.1358,-0.0051,-0.0306,-0.0035,0.6367,0.8526,16.4185,1.7561,2.0784,0.0008761,4,4,76929,9371,607
-0.0886,-0.0071,-0.0526,-0.0011,0.603,0.8178,16.4185,1.6986,2.0877,0.0008761,3,4,76929,9371,595
-0.0916,-0.0025,0.0424,0.0033,0.6463,0.8626,16.4185,1.7146,2.1064,0.0008761,4,4,76929,9371,632
-0.0479,-0.0021,-0.041,-0.0018,0.6341,0.8532,16.4185,1.7604,2.0971,0.0008761,5,4,76929,9371,602
-0.1934,-0.0085,0.0576,0.0013,0.6003,0.8134,16.4185,1.7109,2.0914,0.0008761,4,4,76929,9371,604
-0.0692,-0.0076,-0.0567,-0.0013,0.6458,0.8209,16.4185,1.7133,2.1085,0.0008761,4,4,76929,9371,611
-0.0601,-0.0007,-0.0547,-0.0036,0.6044,0.8357,16.4185,1.7004,2.0795,0.0008761,4,4,76929,9371,606
-0.1009,-0.0028,-0.0997,-0.0029,0.617,0.8257,16.4185,1.7268,2.0744,0.0008761,4,4,76929,9371,594
-0.1394,-0.0093,-0.1157,-0.0094,0.6369,0.8717,16.4185,1.7096,2.0857,0.0008761,4,4,76929,9371,601
-0.0448,-0.0062,-0.1263,-0.0038,0.6666,0.8381,16.4185,1.7077,2.1393,0.0008761,4,4,76929,9371,626
-0.0943,-0.0051,-0.1011,-0.0013,0.602,0.8273,16.4185,1.7055,2.082,0.0008761,4,4,76929,9371,616
-0.1533,-0.0096,-0.0639,-0.0061,0.6018,0.8587,16.4185,1.7149,2.0862,0.0008761,4,4,76929,9371,614
0.0305,-0.0022,0.0074,-0.0031,0.6339,0.8274,16.4185,1.7354,2.1177,0.0008761,4,4,76929,9371,597
-0.0882,-0.0052,0.0254,0.0008,0.6122,0.8331,16.4185,1.7076,2.0775,0.0008761,4,4,76929,9371,600
-0.0776,-0.0011,-0.0363,0.0016,0.6429,0.8489,16.4185,1.7391,2.0792,0.0008761,4,4,76929,9371,615
-0.0616,-0.0033,0.0353,-0.0082,0.6287,0.8581,16.4185,1.7239,2.0818,0.0008761,4,4,76929,9371,613
-0.0797,-0.0018,-0.1158,-0.007,0.6369,0.885,16.4185,1.7216,2.0849,0.0008761,4,4,76929,9371,618
-0.113,-0.0068,-0.017,-0.0008,0.5997,0.847,16.4185,1.7315,2.0859,0.0008761,4,4,76929,9371,603
-0.0977,-0.0021,-0.1386,-0.0061,0.6433,0.841,16.4185,1.7162,2.0921,0.0008761,4,4,76929,9371,625
-0.1069,-0.002,-0.0497,-0.0004,0.6137,0.836,16.4185,1.6919,2.0794,0.0008761,4,4,76929,9371,617
-0.0723,-0.0016,0.0021,0.0027,0.6267,0.8314,16.4185,1.7005,2.0767,0.0008761,4,4,76929,9371,596
-0.0886,-0.0029,-0.0657,-0.0008,0.6546,0.8563,16.4185,1.7293,2.0879,0.0008761,4,4,76929,9371,609
-0.0798,-0.0007,0.044,0.0008,0.63,0.8482,16.4185,1.7253,2.0821,0.0008761,4,4,76929,9371,629
-0.1613,-0.0077,-0.0484,-0.0041,0.6602,0.8697,16.4185,1.7108,2.09,0.0008761,4,4,76929,9371,633
-0.0546,-0.0043,0.045,0.001,0.6,0.8487,16.4185,1.7418,2.101,0.0008761,4,4,76929,9371,622
-0.1088,-0.0069,-0.1393,-0.0056,0.6256,0.8452,16.4185,1.6815,2.0845,0.0008761,4,4,76929,9371,631
-0.0847,-0.0016,-0.0274,-0.0036,0.6146,0.8587,16.4185,1.7243,2.0874,0.0008761,4,4,76929,9371,621
-0.0685,-0.0118,-0.1182,-0.0112,0.6289,0.8597,16.4185,1.6918,2.1129,0.0008761,4,4,76929,9371,627
-0.0749,-0.0023,-0.0886,-0.0048,0.6232,0.8415,16.4185,1.7222,2.0785,0.0008761,4,4,76929,9371,630
-0.1488,-0.0065,-0.0156,-0.0006,0.5933,0.7779,16.4185,1.7349,2.0856,0.0008761,4,4,76929,9371,624
-0.0632,-0.0027,-0.0848,-0.0056,0.6573,0.8682,16.4185,1.7798,2.0825,0.0008761,5,4,76929,9371,610
-0.1243,-0.0064,-0.0258,-0.0014,0.6185,0.8165,16.4185,1.7155,2.0768,0.0008761,3,4,76929,9371,634
-0.163,-0.009,-0.1173,-0.0071,0.6395,0.8403,16.4185,1.7219,2.0626,0.0008761,4,4,76929,9371,635
-0.1362,-0.0065,-0.0394,-0.0045,0.6585,0.8481,16.4185,1.7219,2.0895,0.0008761,4,4,76929,9371,637
-0.1616,-0.0055,-0.04,-0.0025,0.6218,0.8468,16.4185,1.6645,2.1059,0.0008761,4,4,76929,9371,638
-0.0706,-0.0053,0.0228,-0.0024,0.6135,0.8423,16.4185,1.7208,2.1031,0.0008761,4,4,76929,9371,636
-0.182,-0.0069,-0.1253,-0.0148,0.627,0.8238,16.4185,1.7377,2.1119,0.0008761,4,4,76929,9371,640
-0.0302,0.0008,-0.0609,-0.0009,0.5966,0.8382,16.4185,1.6915,2.0931,0.0008761,4,4,76929,9371,639
-0.2021,-0.0056,0.01,0.0018,0.5913,0.8515,16.4185,1.75,2.0586,0.0008761,4,4,76929,9371,642
-0.0738,-0.0071,-0.0986,-0.0053,0.6503,0.8622,16.4185,1.6985,2.0913,0.0008761,3,4,76929,9371,644
-0.0917,-0.0034,-0.006,0.0008,0.622,0.8447,16.4185,1.7353,2.0807,0.0008761,4,4,76929,9371,645
-0.1152,-0.0049,-0.1097,-0.0034,0.656,0.8603,16.4185,1.6912,2.0728,0.0008761,4,4,76929,9371,646
-0.1623,-0.0073,-0.045,0.0019,0.6233,0.8034,16.4185,1.73,2.0845,0.0008761,4,4,76929,9371,641
-0.1166,-0.0037,-0.0253,0.0003,0.5847,0.8496,16.4185,1.7217,2.0658,0.0008761,4,4,76929,9371,643
-0.1482,-0.0077,-0.0598,-0.0018,0.6091,0.8636,16.4185,1.7337,2.0935,0.0008761,4,4,76929,9371,648
-0.2094,-0.0116,-0.0835,-0.0051,0.6234,0.836,16.4185,1.7209,2.0665,0.0008761,4,4,76929,9371,657
-0.056,-0.0017,-0.0114,-0.0029,0.6104,0.8262,16.4185,1.745,2.1096,0.0008761,4,4,76929,9371,654
0.0225,-0.0004,0.0277,-0.001,0.6462,0.8547,16.4185,1.7039,2.1101,0.0008761,4,4,76929,9371,647
-0.0224,0.001,-0.125,-0.003,0.6399,0.8425,16.4185,1.6889,2.1124,0.0008761,4,4,76929,9371,650
-0.0519,0.0013,-0.0512,-0.0026,0.5917,0.8137,16.4185,1.7424,2.0746,0.0008761,4,4,76929,9371,649
-0.0428,0.0007,-0.02,-0.0023,0.6052,0.8272,16.4185,1.7545,2.0783,0.0008761,4,4,76929,9371,651
-0.1372,-0.009,-0.0871,0.0009,0.611,0.8334,16.4185,1.6785,2.1049,0.0008761,4,4,76929,9371,652
-0.1656,-0.0054,-0.0676,-0.0055,0.6166,0.8215,16.4185,1.6833,2.0758,0.0008761,3,4,76929,9371,662
0.0129,0.0047,-0.0974,-0.0079,0.6169,0.8433,16.4185,1.7437,2.0957,0.0008761,4,4,76929,9371,653
-0.2244,-0.0067,-0.0107,0.0017,0.6569,0.8308,16.4185,1.7364,2.0598,0.0008761,4,4,76929,9371,661
-0.1717,-0.0079,-0.0813,-0.0024,0.6642,0.8474,16.4185,1.7033,2.0894,0.0008761,4,4,76929,9371,660
-0.1201,-0.0056,0.0742,0.0005,0.5882,0.8045,16.4185,1.7151,2.08,0.0008761,4,4,76929,9371,668
-0.1243,-0.0032,-0.0422,-0.0027,0.621,0.8487,16.4185,1.7153,2.081,0.0008761,4,4,76929,9371,664
-0.1053,-0.0056,0.1034,0.0007,0.6114,0.8642,16.4185,1.7328,2.0889,0.0008761,4,4,76929,9371,659
-0.1146,-0.0,0.0468,-0.0018,0.5945,0.8147,16.4185,1.7109,2.0653,0.0008761,4,4,76929,9371,681
-0.2916,-0.0155,-0.0636,-0.0079,0.5981,0.822,16.4185,1.708,2.0644,0.0008761,4,4,76929,9371,669
-0.1612,-0.0058,-0.0394,0.0009,0.6535,0.8332,16.4185,1.7077,2.0699,0.0008761,3,4,76929,9371,656
-0.135,-0.0054,0.0435,-0.0016,0.6177,0.8105,16.4185,1.6926,2.0793,0.0008761,4,4,76929,9371,658
-0.1593,-0.0102,-0.0916,-0.0142,0.6241,0.8449,16.4185,1.678,2.0662,0.0008761,3,4,76929,9371,679
-0.1543,-0.0051,-0.0643,-0.0013,0.6222,0.8457,16.4185,1.714,2.0567,0.0008761,4,4,76929,9371,655
-0.0328,-0.0085,-0.072,-0.0049,0.6297,0.8567,16.4185,1.698,2.0949,0.0008761,3,4,76929,9371,663
-0.1044,-0.0033,-0.102,-0.0065,0.6298,0.8582,16.4185,1.7078,2.0739,0.0008761,4,4,76929,9371,666
-0.0302,-0.0041,0.0447,0.0025,0.6182,0.8698,16.4185,1.7204,2.122,0.0008761,4,4,76929,9371,674
-0.0431,-0.0045,-0.0762,-0.0054,0.6568,0.8582,16.4185,1.7293,2.1012,0.0008761,4,4,76929,9371,682
-0.0649,-0.004,0.0647,0.0038,0.6585,0.8433,16.4185,1.6986,2.1023,0.0008761,4,4,76929,9371,683
-0.0674,-0.0022,0.0304,-0.0017,0.6197,0.8484,16.4185,1.751,2.0854,0.0008761,4,4,76929,9371,665
-0.0481,-0.0031,-0.0879,-0.0042,0.6797,0.8724,16.4185,1.6761,2.0845,0.0008761,4,4,76929,9371,667
-0.1893,-0.0113,-0.0802,-0.0003,0.6292,0.8636,16.4185,1.6978,2.0785,0.0008761,3,4,76929,9371,671
-0.1592,-0.0045,-0.0799,-0.0004,0.6073,0.8211,16.4185,1.7211,2.0913,0.0008761,4,4,76929,9371,673
-0.153,-0.003,-0.1239,-0.0054,0.6786,0.8673,16.4185,1.7239,2.0734,0.0008761,4,4,76929,9371,690
-0.0924,-0.007,-0.0974,-0.0036,0.6135,0.8352,16.4185,1.7289,2.0922,0.0008761,4,4,76929,9371,688
-0.1791,-0.0129,-0.0923,-0.0107,0.6574,0.8588,16.4185,1.7067,2.0763,0.0008761,3,4,76929,9371,676
-0.1308,-0.0095,-0.0683,-0.0049,0.637,0.8165,16.4185,1.7082,2.1111,0.0008761,3,4,76929,9371,697
-0.1332,-0.0099,0.0155,-0.0043,0.624,0.8345,16.4185,1.7153,2.0917,0.0008761,4,4,76929,9371,684
-0.0815,-0.0041,-0.0874,-0.0023,0.6611,0.8289,16.4185,1.7219,2.0973,0.0008761,4,4,76929,9371,693
-0.0008,-0.001,-0.0108,-0.0024,0.5978,0.8333,16.4185,1.7282,2.1153,0.0008761,4,4,76929,9371,672
-0.0489,-0.0074,0.0884,0.0054,0.5881,0.7723,16.4185,1.7066,2.0972,0.0008761,3,4,76929,9371,680
-0.1758,-0.0062,-0.0793,-0.004,0.6223,0.8486,16.4185,1.7072,2.0641,0.0008761,4,4,76929,9371,701
-0.1118,-0.0082,0.0166,0.001,0.5988,0.8156,16.4185,1.7133,2.0873,0.0008761,3,4,76929,9371,677
-0.1533,-0.0037,-0.0868,-0.0051,0.6378,0.8146,16.4185,1.7608,2.0738,0.0008761,4,4,76929,9371,687
-0.0964,-0.0021,-0.16,-0.0033,0.654,0.8526,16.4185,1.7034,2.0703,0.0008761,4,4,76929,9371,692
-0.0855,-0.0042,-0.047,0.0008,0.6357,0.8666,16.4185,1.6762,2.0651,0.0008761,4,4,76929,9371,698
-0.0826,-0.0061,0.0196,-0.0024,0.6098,0.8254,16.4185,1.7367,2.1101,0.0008761,4,4,76929,9371,695
-0.028,-0.0033,-0.2013,-0.0056,0.6499,0.8828,16.4185,1.6908,2.0962,0.0008761,4,4,76929,9371,694
-0.1975,-0.0097,-0.0296,-0.0013,0.6243,0.8497,16.4185,1.6911,2.0652,0.0008761,3,4,76929,9371,706
-0.0576,-0.0024,-0.0959,-0.0092,0.5868,0.8383,16.4185,1.7734,2.076,0.0008761,5,4,76929,9371,670
-0.1005,-0.0067,-0.0688,-0.0084,0.6062,0.8677,16.4185,1.7362,2.1028,0.0008761,4,4,76929,9371,675
-0.0709,-0.0051,0.0493,-0.0003,0.5918,0.7967,16.4185,1.7246,2.0857,0.0008761,4,4,76929,9371,700
-0.0611,-0.0089,-0.1755,-0.0113,0.6436,0.8224,16.4185,1.7197,2.1287,0.0008761,4,4,76929,9371,686
-0.001,-0.0045,-0.0965,-0.0032,0.6574,0.8623,16.4185,1.6991,2.1116,0.0008761,4,4,76929,9371,696
-0.1771,-0.0055,-0.1104,-0.0058,0.6547,0.8826,16.4185,1.7054,2.0737,0.0008761,3,4,76929,9371,702
-0.1905,-0.0065,-0.009,-0.0029,0.616,0.8402,16.4185,1.7066,2.0615,0.0008761,3,4,76929,9371,685
-0.1039,-0.0064,-0.0509,0.002,0.6533,0.863,16.4185,1.7282,2.1209,0.0008761,3,4,76929,9371,705
-0.1205,-0.0005,0.0293,-0.0018,0.6129,0.8437,16.4185,1.7475,2.0734,0.0008761,4,4,76929,9371,678
-0.0294,-0.0029,0.0286,-0.0025,0.6078,0.8228,16.4185,1.7267,2.1201,0.0008761,4,4,76929,9371,699
-0.1024,-0.0043,-0.1021,-0.0013,0.6267,0.8621,16.4185,1.7147,2.0788,0.0008761,4,4,76929,9371,689
-0.1991,-0.0133,0.0669,0.007,0.5631,0.7689,16.4185,1.7105,2.0707,0.0008761,3,4,76929,9371,703
-0.1115,-0.0071,-0.0818,-0.0041,0.6282,0.8083,16.4185,1.6748,2.0737,0.0008761,3,4,76929,9371,704
-0.1218,-0.0057,-0.156,-0.0046,0.6228,0.8146,16.4185,1.7201,2.079,0.0008761,4,4,76929,9371,691
-0.0858,-0.0038,0.027,0.0018,0.6048,0.8145,16.4185,1.7168,2.0681,0.0008761,4,4,76929,9371,707
-0.0503,-0.0016,-0.0908,-0.0043,0.6249,0.8518,16.4185,1.7493,2.1077,0.0008761,4,4,76929,9371,709
-0.0893,-0.0052,0.0395,-0.0003,0.6167,0.8449,16.4185,1.713,2.0767,0.0008761,4,4,76929,9371,708
-0.0993,-0.0064,-0.0101,0.0002,0.6022,0.8436,16.4185,1.7074,2.0928,0.0008761,4,4,76929,9371,710
-0.2044,-0.0078,0.0155,0.0007,0.6175,0.8257,16.4185,1.7091,2.0677,0.0008761,4,4,76929,9371,718
-0.0911,-0.0103,-0.1423,-0.0099,0.6458,0.877,16.4185,1.6676,2.0901,0.0008761,3,4,76929,9371,715
-0.0867,-0.005,-0.0221,-0.0036,0.6208,0.8669,16.4185,1.7068,2.0961,0.0008761,4,4,76929,9371,712
-0.1656,-0.0076,-0.0748,-0.0033,0.6252,0.8499,16.4185,1.6994,2.0754,0.0008761,3,4,76929,9371,716
-0.1332,-0.0112,-0.1053,-0.0109,0.6177,0.8256,16.4185,1.7015,2.1079,0.0008761,4,4,76929,9371,734
-0.1716,-0.0056,-0.1869,-0.0088,0.6389,0.8472,16.4185,1.7128,2.0641,0.0008761,4,4,76929,9371,730
-0.1148,-0.0107,-0.0785,-0.0074,0.5966,0.8092,16.4185,1.6844,2.114,0.0008761,3,4,76929,9371,720
-0.232,-0.0179,-0.1878,-0.0129,0.6374,0.8397,16.4185,1.6834,2.1159,0.0008761,3,4,76929,9371,755
-0.1657,-0.0059,-0.1012,-0.0044,0.5981,0.8367,16.4185,1.7365,2.0869,0.0008761,4,4,76929,9371,728
-0.091,-0.0018,-0.1085,-0.0049,0.6328,0.8658,16.4185,1.7159,2.0733,0.0008761,4,4,76929,9371,714
-0.003,-0.0011,0.0136,0.0012,0.6167,0.8183,16.4185,1.7243,2.0854,0.0008761,4,4,76929,9371,711
0.0015,-0.0003,-0.0636,-0.0047,0.6213,0.8725,16.4185,1.728,2.1002,0.0008761,4,4,76929,9371,717
-0.1158,-0.0083,-0.0412,-0.0039,0.6601,0.8627,16.4185,1.7099,2.1113,0.0008761,4,4,76929,9371,735
-0.0867,-0.0069,-0.0528,-0.0024,0.6017,0.8349,16.4185,1.7141,2.0854,0.0008761,4,4,76929,9371,724
-0.1186,-0.0069,-0.0602,-0.0033,0.5947,0.8145,16.4185,1.73,2.087,0.0008761,4,4,76929,9371,736
-0.1172,-0.0058,-0.0115,0.0009,0.6016,0.8511,16.4185,1.723,2.0825,0.0008761,4,4,76929,9371,727
-0.0717,-0.0032,-0.043,0.0031,0.5835,0.8139,16.4185,1.7221,2.0673,0.0008761,4,4,76929,9371,713
-0.064,-0.0065,-0.0872,-0.0015,0.5939,0.8338,16.4185,1.6987,2.0889,0.0008761,4,4,76929,9371,719
-0.158,-0.0049,0.034,-0.0004,0.6747,0.8711,16.4185,1.7277,2.0706,0.0008761,4,4,76929,9371,726
-0.0976,-0.004,0.0354,0.0017,0.6072,0.8084,16.4185,1.7795,2.1058,0.0008761,5,4,76929,9371,721
-0.1798,-0.0115,-0.0758,-0.0041,0.6542,0.8404,16.4185,1.6837,2.0879,0.0008761,3,4,76929,9371,758
-0.033,-0.0023,-0.0629,0.0016,0.6187,0.8612,16.4185,1.7309,2.1052,0.0008761,4,4,76929,9371,733
-0.1309,-0.0052,0.0819,0.0032,0.621,0.8466,16.4185,1.6916,2.0651,0.0008761,4,4,76929,9371,747
-0.1117,-0.0022,0.0229,0.0009,0.599,0.8711,16.4185,1.7217,2.0801,0.0008761,4,4,76929,9371,723
-0.1085,-0.0038,-0.0246,-0.0002,0.6452,0.8482,16.4185,1.6921,2.0813,0.0008761,4,4,76929,9371,739
-0.1175,-0.0071,0.0418,-0.0049,0.6369,0.8307,16.4185,1.7202,2.0688,0.0008761,4,4,76929,9371,737
-0.1116,-0.0083,-0.0352,-0.0007,0.6058,0.8345,16.4185,1.7196,2.0799,0.0008761,4,4,76929,9371,738
-0.1304,-0.0058,-0.0941,-0.0055,0.6221,0.8364,16.4185,1.7074,2.0721,0.0008761,4,4,76929,9371,722
-0.1574,-0.0092,-0.0507,-0.0035,0.577,0.8034,16.4185,1.7262,2.0792,0.0008761,4,4,76929,9371,756
-0.154,-0.0065,-0.0192,0.0021,0.6238,0.8416,16.4185,1.7438,2.083,0.0008761,4,4,76929,9371,729
-0.1272,-0.0106,-0.0309,-0.0035,0.6095,0.8403,16.4185,1.6952,2.0743,0.0008761,3,4,76929,9371,752
-0.1612,-0.01,-0.0666,-0.0033,0.5775,0.8034,16.4185,1.7216,2.0823,0.0008761,4,4,76929,9371,731
-0.1322,-0.0074,-0.0367,-0.0041,0.6451,0.8386,16.4185,1.7205,2.1174,0.0008761,4,4,76929,9371,742
-0.1405,-0.0119,0.0387,-0.0072,0.658,0.8626,16.4185,1.7264,2.1068,0.0008761,4,4,76929,9371,761
-0.1191,-0.0076,-0.1077,-0.0071,0.6365,0.857,16.4185,1.727,2.083,0.0008761,4,4,76929,9371,751
-0.0845,-0.0033,-0.0386,-0.004,0.6224,0.8586,16.4185,1.7313,2.0927,0.0008761,4,4,76929,9371,743
-0.0437,-0.0052,-0.0922,-0.0055,0.6328,0.8326,16.4185,1.7093,2.1073,0.0008761,3,4,76929,9371,750
-0.0058,-0.0039,-0.025,0.0016,0.6391,0.8602,16.4185,1.737,2.0994,0.0008761,4,4,76929,9371,725
-0.069,-0.009,-0.0594,-0.0037,0.6421,0.8665,16.4185,1.7072,2.0985,0.0008761,4,4,76929,9371,749
-0.0911,-0.0033,-0.1634,-0.0067,0.624,0.8571,16.4185,1.6877,2.082,0.0008761,4,4,76929,9371,744
-0.1087,-0.0057,-0.0243,-0.0038,0.6282,0.8432,16.4185,1.7157,2.0782,0.0008761,4,4,76929,9371,740
-0.1113,-0.0044,-0.02,-0.0035,0.6386,0.8508,16.4185,1.7422,2.0737,0.0008761,4,4,76929,9371,732
-0.082,-0.0033,0.0476,0.0016,0.5714,0.7918,16.4185,1.7349,2.0991,0.0008761,4,4,76929,9371,745
0.0285,-0.0003,0.0386,0.0018,0.6181,0.8304,16.4185,1.7419,2.1146,0.0008761,4,4,76929,9371,746
-0.148,-0.0096,-0.1019,-0.0084,0.575,0.8054,16.4185,1.6983,2.0662,0.0008761,3,4,76929,9371,753
-0.15,-0.008,-0.0575,-0.0021,0.6064,0.8377,16.4185,1.7222,2.0657,0.0008761,4,4,76929,9371,748
-0.1189,-0.0058,-0.0014,0.0013,0.6151,0.8187,16.4185,1.7027,2.0721,0.0008761,4,4,76929,9371,760
-0.0847,-0.0022,-0.0212,-0.0046,0.5939,0.8202,16.4185,1.7553,2.0817,0.0008761,4,4,76929,9371,741
-0.0181,0.0001,0.0157,0.0002,0.6085,0.8395,16.4185,1.7691,2.1048,0.0008761,4,4,76929,9371,754
-0.0116,-0.0026,0.0572,-0.0019,0.6138,0.8206,16.4185,1.7207,2.0964,0.0008761,4,4,76929,9371,759
-0.1446,-0.0089,0.0925,0.0033,0.6039,0.8222,16.4185,1.7214,2.0756,0.0008761,4,4,76929,9371,757
-0.1922,-0.0099,0.0048,-0.0045,0.5977,0.8103,16.4185,1.738,2.0906,0.0008761,4,4,76929,9371,762
-0.0924,-0.0045,-0.018,-0.0008,0.633,0.8812,16.4185,1.7386,2.0754,0.0008761,4,4,76929,9371,764
-0.1725,-0.0114,0.0054,0.0029,0.6378,0.8502,16.4185,1.6888,2.0933,0.0008761,3,4,76929,9371,763
-0.0806,-0.0035,0.0495,0.0013,0.6254,0.8375,16.4185,1.7238,2.0955,0.0008761,4,4,76929,9371,765
-0.0404,-0.0009,0.0851,0.003,0.5858,0.8046,16.4185,1.6797,2.1036,0.0008761,4,4,76929,9371,766
-0.1377,-0.0091,0.1099,0.0029,0.6258,0.8231,16.4185,1.7335,2.0922,0.0008761,4,4,76929,9371,767
-0.1533,-0.0077,0.0457,0.0003,0.6304,0.8423,16.4185,1.7113,2.0672,0.0008761,4,4,76929,9371,768
-0.0746,-0.0029,0.1376,0.0058,0.6113,0.7953,16.4185,1.7284,2.0744,0.0008761,4,4,76929,9371,775
-0.112,-0.0065,-0.0644,-0.0024,0.5868,0.8215,16.4185,1.7304,2.0921,0.0008761,4,4,76929,9371,769
-0.1453,-0.0042,-0.0545,0.0,0.6142,0.8108,16.4185,1.7334,2.0734,0.0008761,4,4,76929,9371,774
-0.0837,-0.0028,-0.0648,-0.004,0.6448,0.8628,16.4185,1.7079,2.0916,0.0008761,4,4,76929,9371,776
-0.0547,-0.0006,-0.1381,-0.0079,0.5925,0.8111,16.4185,1.7514,2.0865,0.0008761,4,4,76929,9371,771
-0.0663,-0.0032,-0.0728,-0.0047,0.6523,0.848,16.4185,1.7135,2.0825,0.0008761,4,4,76929,9371,770
-0.1602,-0.0117,-0.0868,-0.0084,0.6186,0.8252,16.4185,1.6798,2.0751,0.0008761,3,4,76929,9371,772
-0.146,-0.0063,-0.0629,-0.0048,0.6328,0.8568,16.4185,1.7404,2.0748,0.0008761,4,4,76929,9371,773
-0.0433,-0.0038,-0.0484,-0.0001,0.589,0.8216,16.4185,1.7177,2.0982,0.0008761,4,4,76929,9371,779
-0.1695,-0.0072,0.0286,-0.0028,0.5672,0.8312,16.4185,1.7115,2.0668,0.0008761,4,4,76929,9371,782
-0.1431,-0.0033,-0.0176,-0.0025,0.6291,0.8524,16.4185,1.7299,2.0875,0.0008761,4,4,76929,9371,778
-0.0644,-0.0056,0.0277,0.0004,0.6264,0.8264,16.4185,1.6827,2.0946,0.0008761,3,4,76929,9371,777
-0.1512,-0.0069,-0.1496,-0.0048,0.6435,0.8614,16.4185,1.7021,2.0639,0.0008761,3,4,76929,9371,800
-0.1623,-0.0026,0.0575,0.0012,0.6412,0.8515,16.4185,1.7207,2.0729,0.0008761,4,4,76929,9371,792
-0.0426,-0.0077,0.0554,-0.0048,0.6314,0.8558,16.4185,1.6993,2.1044,0.0008761,4,4,76929,9371,780
-0.1602,-0.0092,0.0336,-0.0002,0.6287,0.8622,16.4185,1.7069,2.1061,0.0008761,4,4,76929,9371,788
-0.0679,-0.0032,0.009,-0.0019,0.5924,0.8487,16.4185,1.7706,2.0936,0.0008761,4,4,76929,9371,783
-0.084,-0.0043,-0.0923,-0.003,0.6573,0.8497,16.4185,1.731,2.0962,0.0008761,4,4,76929,9371,801
-0.1081,-0.0081,0.0397,0.0038,0.6094,0.8316,16.4185,1.7065,2.1143,0.0008761,4,4,76929,9371,812
-0.1075,-0.0027,0.0452,0.0021,0.5897,0.8075,16.4185,1.7274,2.0811,0.0008761,4,4,76929,9371,787
-0.0019,0.002,-0.0216,-0.0019,0.6258,0.8303,16.4185,1.7618,2.0969,0.0008761,4,4,76929,9371,781
-0.1547,-0.0125,-0.0198,-0.0043,0.668,0.8488,16.4185,1.6952,2.0985,0.0008761,3,4,76929,9371,799
-0.2091,-0.0072,-0.1188,-0.0084,0.5802,0.8165,16.4185,1.6816,2.0617,0.0008761,3,4,76929,9371,786
-0.1327,-0.0028,-0.1128,-0.0093,0.6394,0.8495,16.4185,1.7313,2.0827,0.0008761,4,4,76929,9371,805
-0.1302,-0.0043,0.083,-0.0007,0.653,0.8428,16.4185,1.7544,2.0741,0.0008761,5,4,76929,9371,796
-0.2048,-0.01,-0.0936,-0.0101,0.589,0.8052,16.4185,1.7056,2.0693,0.0008761,4,4,76929,9371,790
-0.1887,-0.0133,-0.0181,-0.0027,0.628,0.8294,16.4185,1.7145,2.0933,0.0008761,4,4,76929,9371,818
-0.1431,-0.005,-0.1168,-0.0088,0.6499,0.8442,16.4185,1.6448,2.0807,0.0008761,3,4,76929,9371,793
-0.1932,-0.0078,-0.1589,-0.0042,0.6326,0.8313,16.4185,1.7058,2.0735,0.0008761,3,4,76929,9371,791
-0.1619,-0.0085,-0.0991,-0.0066,0.6576,0.8684,16.4185,1.7257,2.0895,0.0008761,4,4,76929,9371,804
-0.0598,-0.0005,-0.0345,-0.002,0.6337,0.8709,16.4185,1.7261,2.0928,0.0008761,4,4,76929,9371,827
-0.1306,-0.0091,-0.0042,0.0002,0.5865,0.7988,16.4185,1.6971,2.1023,0.0008761,4,4,76929,9371,807
-0.0791,-0.0051,0.1163,0.0078,0.6068,0.8361,16.4185,1.732,2.0928,0.0008761,4,4,76929,9371,785
-0.0235,-0.0013,0.0437,0.0049,0.5937,0.8509,16.4185,1.7226,2.0783,0.0008761,4,4,76929,9371,789
-0.1697,-0.0081,-0.0342,-0.0041,0.5813,0.8508,16.4185,1.7475,2.0841,0.0008761,4,4,76929,9371,824
-0.0334,0.0005,0.1337,0.003,0.5992,0.8196,16.4185,1.7685,2.0875,0.0008761,5,4,76929,9371,802
-0.0521,-0.0012,-0.0215,0.0009,0.6072,0.8171,16.4185,1.693,2.0979,0.0008761,4,4,76929,9371,798
-0.0647,-0.0045,-0.0299,-0.0032,0.6259,0.8496,16.4185,1.7141,2.0902,0.0008761,4,4,76929,9371,797
-0.1206,-0.0022,0.0116,0.0005,0.6098,0.8428,16.4185,1.7184,2.0614,0.0008761,4,4,76929,9371,784
-0.1945,-0.0117,-0.148,-0.0034,0.6665,0.8626,16.4185,1.693,2.0896,0.0008761,3,4,76929,9371,809
-0.0531,-0.0075,-0.0022,0.0017,0.6346,0.8528,16.4185,1.7202,2.0963,0.0008761,4,4,76929,9371,806
-0.1441,-0.0062,-0.0828,-0.004,0.6656,0.8692,16.4185,1.7283,2.0865,0.0008761,4,4,76929,9371,794
-0.1551,-0.0031,0.1321,0.0016,0.6814,0.8866,16.4185,1.7,2.0709,0.0008761,4,4,76929,9371,795
-0.1434,-0.0095,-0.1205,-0.0031,0.6221,0.8633,16.4185,1.7092,2.0699,0.0008761,4,4,76929,9371,810
-0.1601,-0.0072,-0.06,0.0009,0.6468,0.8252,16.4185,1.6764,2.0693,0.0008761,4,4,76929,9371,822
-0.0161,-0.0024,0.0124,-0.0008,0.6274,0.8621,16.4185,1.7276,2.1122,0.0008761,4,4,76929,9371,803
-0.1633,-0.0055,0.0177,0.0028,0.627,0.8524,16.4185,1.7358,2.0743,0.0008761,4,4,76929,9371,829
-0.0964,-0.0016,0.0367,-0.0017,0.6274,0.8406,16.4185,1.7321,2.0826,0.0008761,4,4,76929,9371,819
-0.1288,-0.0076,-0.0707,-0.0036,0.5812,0.8057,16.4185,1.7012,2.0838,0.0008761,4,4,76929,9371,811
-0.101,-0.0059,-0.0634,-0.0052,0.6181,0.8333,16.4185,1.711,2.0919,0.0008761,3,4,76929,9371,821
-0.2055,-0.0091,0.0558,0.0003,0.6159,0.8228,16.4185,1.6862,2.068,0.0008761,4,4,76929,9371,826
-0.1237,-0.0016,0.0145,0.0055,0.6325,0.8191,16.4185,1.7574,2.0773,0.0008761,4,4,76929,9371,814
-0.098,-0.002,-0.0149,-0.0013,0.6315,0.8573,16.4185,1.7349,2.076,0.0008761,4,4,76929,9371,834
-0.0935,-0.0034,-0.093,-0.0012,0.6192,0.8386,16.4185,1.7372,2.0739,0.0008761,4,4,76929,9371,817
-0.1498,-0.0095,-0.0208,-0.0013,0.6365,0.865,16.4185,1.6948,2.072,0.0008761,4,4,76929,9371,816
-0.1187,-0.0036,-0.022,0.0003,0.5977,0.8292,16.4185,1.7059,2.0684,0.0008761,4,4,76929,9371,808
-0.1135,-0.0068,0.0088,-0.0034,0.6147,0.8372,16.4185,1.7457,2.0773,0.0008761,4,4,76929,9371,823
0.0047,0.0021,0.0048,-0.0007,0.5895,0.8242,16.4185,1.7699,2.1097,0.0008761,4,4,76929,9371,831
-0.1903,-0.0105,-0.0984,-0.0048,0.61,0.8356,16.4185,1.6932,2.0642,0.0008761,3,4,76929,9371,825
-0.09,-0.0019,-0.0343,-0.0094,0.6033,0.8342,16.4185,1.6713,2.0778,0.0008761,4,4,76929,9371,813
-0.1563,-0.0076,-0.0447,-0.0068,0.6181,0.8538,16.4185,1.6796,2.0515,0.0008761,4,4,76929,9371,828
-0.1426,-0.0072,-0.0634,-0.0013,0.6966,0.8887,16.4185,1.7215,2.0804,0.0008761,4,4,76929,9371,832
-0.1634,-0.0065,-0.091,-0.0028,0.6043,0.8606,16.4185,1.7139,2.0676,0.0008761,4,4,76929,9371,835
-0.1105,-0.0003,0.0318,-0.0009,0.5718,0.8248,16.4185,1.707,2.0783,0.0008761,4,4,76929,9371,820
-0.1333,-0.0077,0.1124,0.003,0.6303,0.8416,16.4185,1.7503,2.0681,0.0008761,4,4,76929,9371,830
0.0033,-0.0027,0.043,-0.0006,0.6372,0.8308,16.4185,1.7599,2.1034,0.0008761,5,4,76929,9371,833
0.0045,0.0005,0.0107,0.0004,0.5997,0.8261,16.4185,1.7226,2.0901,0.0008761,4,4,76929,9371,815
-0.1407,-0.0067,-0.01,0.0021,0.6343,0.8611,16.4185,1.7051,2.0766,0.0008761,4,4,76929,9371,836
-0.0273,-0.0002,-0.0652,-0.0047,0.6347,0.8633,16.4185,1.7205,2.1099,0.0008761,4,4,76929,9371,840
0.004,-0.0042,-0.007,-0.0016,0.622,0.8396,16.4185,1.7092,2.0994,0.0008761,4,4,76929,9371,841
-0.2426,-0.0156,-0.0913,-0.0074,0.603,0.8094,16.4185,1.7118,2.0829,0.0008761,4,4,76929,9371,860
-0.0195,-0.0017,-0.1004,-0.0032,0.6608,0.8912,16.4185,1.7204,2.0872,0.0008761,4,4,76929,9371,839
-0.1448,-0.0064,-0.0132,-0.0026,0.6344,0.8259,16.4185,1.7078,2.082,0.0008761,4,4,76929,9371,843
-0.1474,-0.0048,-0.0357,0.0014,0.6397,0.8083,16.4185,1.7258,2.0914,0.0008761,4,4,76929,9371,851
-0.117,-0.004,0.0436,0.003,0.6503,0.8525,16.4185,1.7087,2.0876,0.0008761,3,4,76929,9371,848
-0.1571,-0.0072,-0.0394,-0.0056,0.6443,0.8413,16.4185,1.7048,2.0719,0.0008761,4,4,76929,9371,852
-0.0475,-0.0043,0.0711,0.0005,0.6357,0.8608,16.4185,1.7038,2.1011,0.0008761,4,4,76929,9371,838
-0.0569,-0.006,-0.0085,-0.0033,0.6104,0.8184,16.4185,1.7206,2.1149,0.0008761,4,4,76929,9371,842
-0.1395,-0.0116,-0.0913,-0.0099,0.6136,0.8325,16.4185,1.7251,2.1104,0.0008761,4,4,76929,9371,862
-0.061,-0.0008,0.018,0.0025,0.5994,0.847,16.4185,1.741,2.0923,0.0008761,4,4,76929,9371,837
-0.0856,-0.0012,-0.0209,-0.0004,0.6546,0.8479,16.4185,1.745,2.0772,0.0008761,4,4,76929,9371,864
-0.1468,-0.0088,0.0307,-0.0024,0.6341,0.8627,16.4185,1.7496,2.092,0.0008761,4,4,76929,9371,844
-0.1882,-0.0102,-0.1288,-0.0086,0.656,0.8315,16.4185,1.6684,2.0828,0.0008761,3,4,76929,9371,865
-0.1533,-0.0093,-0.0688,0.0,0.6457,0.8334,16.4185,1.7115,2.088,0.0008761,4,4,76929,9371,847
-0.1471,-0.0117,-0.0774,-0.0051,0.613,0.8452,16.4185,1.696,2.0932,0.0008761,3,4,76929,9371,854
-0.0376,-0.0047,0.0511,0.0013,0.6301,0.8389,16.4185,1.7399,2.1209,0.0008761,4,4,76929,9371,879
-0.102,-0.0072,-0.0737,-0.0069,0.6487,0.857,16.4185,1.7127,2.1065,0.0008761,3,4,76929,9371,859
-0.2141,-0.0095,-0.1224,-0.0069,0.6357,0.8495,16.4185,1.7143,2.0692,0.0008761,4,4,76929,9371,866
-0.1743,-0.0017,-0.0782,-0.0069,0.6289,0.8457,16.4185,1.7494,2.0556,0.0008761,4,4,76929,9371,845
-0.1036,-0.0046,0.0075,-0.0049,0.6454,0.8671,16.4185,1.6893,2.0851,0.0008761,3,4,76929,9371,857
-0.103,-0.0033,-0.0438,-0.0002,0.6284,0.8406,16.4185,1.709,2.0776,0.0008761,4,4,76929,9371,856
-0.0818,-0.0008,0.0059,-0.0014,0.6203,0.8523,16.4185,1.716,2.0997,0.0008761,4,4,76929,9371,846
-0.1616,-0.0091,-0.1016,-0.0047,0.6497,0.8669,16.4185,1.6931,2.0801,0.0008761,3,4,76929,9371,885
-0.0978,-0.0054,-0.1361,-0.0031,0.6959,0.8675,16.4185,1.7127,2.0789,0.0008761,4,4,76929,9371,849
-0.1237,-0.0093,-0.0899,-0.0022,0.6389,0.831,16.4185,1.6635,2.0659,0.0008761,3,4,76929,9371,850
-0.1303,-0.0111,-0.013,-0.001,0.6098,0.8058,16.4185,1.7324,2.1178,0.0008761,4,4,76929,9371,870
-0.0768,-0.0025,-0.0748,-0.0004,0.6388,0.8538,16.4185,1.7173,2.0858,0.0008761,4,4,76929,9371,858
0.0095,-0.0008,-0.1743,-0.0059,0.6398,0.869,16.4185,1.6496,2.1208,0.0008761,3,4,76929,9371,867
-0.1521,-0.0084,-0.1382,-0.0061,0.6442,0.8466,16.4185,1.7206,2.1009,0.0008761,4,4,76929,9371,873
-0.1463,0.0014,0.0077,-0.0009,0.5946,0.8483,16.4185,1.7484,2.0851,0.0008761,4,4,76929,9371,853
-0.0989,-0.0021,-0.0148,0.0028,0.6179,0.8286,16.4185,1.7436,2.0902,0.0008761,4,4,76929,9371,876
-0.1201,-0.0104,0.032,0.0014,0.6213,0.8327,16.4185,1.7154,2.0825,0.0008761,4,4,76929,9371,884
-0.073,0.0021,0.0136,0.0018,0.6294,0.829,16.4185,1.7627,2.0848,0.0008761,4,4,76929,9371,868
-0.1198,-0.0104,-0.1685,-0.007,0.6317,0.8623,16.4185,1.6731,2.0701,0.0008761,3,4,76929,9371,872
-0.0562,-0.0016,-0.0268,0.0018,0.6543,0.8539,16.4185,1.7303,2.0913,0.0008761,4,4,76929,9371,869
-0.1213,-0.0031,0.176,0.0061,0.5975,0.8136,16.4185,1.7562,2.1031,0.0008761,4,4,76929,9371,855
-0.0683,0.0003,-0.0401,-0.0032,0.6237,0.8299,16.4185,1.7492,2.1019,0.0008761,4,4,76929,9371,875
-0.1102,-0.0036,-0.0167,-0.0033,0.607,0.8446,16.4185,1.728,2.0825,0.0008761,3,4,76929,9371,877
-0.0692,-0.0014,0.0082,-0.0019,0.6315,0.8326,16.4185,1.731,2.0688,0.0008761,4,4,76929,9371,871
-0.1501,-0.0073,0.1131,0.0013,0.6463,0.8395,16.4185,1.7135,2.0658,0.0008761,4,4,76929,9371,863
-0.0985,-0.0107,-0.1005,-0.0051,0.646,0.8481,16.4185,1.6965,2.1102,0.0008761,4,4,76929,9371,883
-0.074,-0.0026,-0.0068,-0.0001,0.6076,0.8607,16.4185,1.7193,2.098,0.0008761,4,4,76929,9371,886
-0.0792,-0.0068,-0.0092,-0.0051,0.5923,0.8164,16.4185,1.7426,2.0847,0.0008761,4,4,76929,9371,878
-0.0265,0.0019,0.0097,0.0013,0.5951,0.829,16.4185,1.7529,2.0799,0.0008761,4,4,76929,9371,887
-0.1002,-0.0058,0.0485,0.0033,0.6204,0.8263,16.4185,1.7456,2.1002,0.0008761,4,4,76929,9371,880
-0.0952,-0.0065,-0.0825,-0.0074,0.6065,0.82,16.4185,1.7222,2.0897,0.0008761,4,4,76929,9371,888
-0.1356,-0.0035,-0.0098,-0.0027,0.6796,0.8588,16.4185,1.7022,2.0674,0.0008761,4,4,76929,9371,881
-0.0432,0.0053,0.0684,-0.0027,0.5949,0.8397,16.4185,1.7039,2.083,0.0008761,4,4,76929,9371,861
-0.0851,-0.0058,0.0814,0.0016,0.6319,0.8424,16.4185,1.7317,2.0847,0.0008761,4,4,76929,9371,874
-0.1024,-0.0003,-0.0118,0.0044,0.601,0.8225,16.4185,1.745,2.0675,0.0008761,4,4,76929,9371,882
-0.1418,-0.0023,-0.0246,-0.0016,0.6248,0.8515,16.4185,1.7016,2.061,0.0008761,4,4,76929,9371,889
-0.2335,-0.0126,0.0056,-0.0028,0.5983,0.8174,16.4185,1.717,2.066,0.0008761,3,4,76929,9371,891
-0.0635,-0.0023,-0.1118,-0.0039,0.6395,0.8587,16.4185,1.6852,2.0889,0.0008761,4,4,76929,9371,890
-0.0879,-0.0037,-0.0733,-0.0038,0.6128,0.8545,16.4185,1.7291,2.0839,0.0008761,4,4,76929,9371,892
-0.0746,-0.0029,-0.0595,-0.0027,0.6505,0.86,16.4185,1.7375,2.0821,0.0008761,4,4,76929,9371,893
-0.1579,-0.0085,0.0083,-0.0014,0.6306,0.856,16.4185,1.7107,2.0823,0.0008761,3,4,76929,9371,905
-0.057,-0.0031,0.1165,0.0002,0.604,0.8029,16.4185,1.7422,2.1097,0.0008761,4,4,76929,9371,900
-0.0902,-0.0087,-0.0153,0.0013,0.6429,0.8186,16.4185,1.7234,2.1017,0.0008761,4,4,76929,9371,894
-0.1535,-0.0059,-0.1324,-0.0055,0.6344,0.8805,16.4185,1.6674,2.0724,0.0008761,4,4,76929,9371,913
-0.0346,-0.0013,-0.0603,-0.0052,0.6511,0.8671,16.4185,1.6833,2.0833,0.0008761,3,4,76929,9371,904
-0.1983,-0.0115,-0.1297,-0.0076,0.6106,0.8283,16.4185,1.6748,2.0941,0.0008761,3,4,76929,9371,926
-0.1779,-0.0096,0.044,0.0001,0.6191,0.8287,16.4185,1.7184,2.1014,0.0008761,4,4,76929,9371,914
-0.1642,-0.0122,0.0152,-0.0039,0.6286,0.8443,16.4185,1.6818,2.0829,0.0008761,3,4,76929,9371,936
-0.1337,-0.0068,-0.1001,-0.0034,0.5784,0.8187,16.4185,1.7031,2.0673,0.0008761,4,4,76929,9371,944
-0.093,-0.0021,-0.0849,-0.0023,0.5884,0.824,16.4185,1.7217,2.0724,0.0008761,4,4,76929,9371,931
0.0303,0.0028,-0.0354,-0.0016,0.5872,0.8221,16.4185,1.7236,2.0908,0.0008761,4,4,76929,9371,919
-0.1125,-0.0067,-0.0626,-0.0023,0.5894,0.7885,16.4185,1.7651,2.0868,0.0008761,4,4,76929,9371,896
-0.0744,-0.0016,0.0666,0.0033,0.6236,0.8558,16.4185,1.6948,2.0752,0.0008761,3,4,76929,9371,952
-0.0024,0.0042,0.0437,0.0035,0.6071,0.8147,16.4185,1.7261,2.0996,0.0008761,4,4,76929,9371,945
-0.0674,-0.0056,-0.0958,-0.007,0.5917,0.8321,16.4185,1.7123,2.1001,0.0008761,4,4,76929,9371,903
-0.0418,-0.0022,-0.0224,-0.0024,0.6294,0.8161,16.4185,1.7308,2.0908,0.0008761,4,4,76929,9371,895
-0.197,-0.0094,-0.0607,-0.0003,0.6703,0.8488,16.4185,1.6746,2.0595,0.0008761,3,4,76929,9371,906
-0.1242,-0.0049,0.0548,0.0023,0.6017,0.8247,16.4185,1.7687,2.0882,0.0008761,5,4,76929,9371,899
-0.0551,-0.0026,0.0563,0.0032,0.6006,0.8391,16.4185,1.6903,2.078,0.0008761,4,4,76929,9371,956
-0.0785,-0.0071,-0.0697,-0.0046,0.6562,0.8656,16.4185,1.7319,2.1126,0.0008761,4,4,76929,9371,897
-0.164,-0.0076,0.0138,0.0,0.6699,0.8259,16.4185,1.7283,2.0785,0.0008761,4,4,76929,9371,908
-0.0492,-0.0001,-0.0693,-0.0033,0.6483,0.8318,16.4185,1.7107,2.0998,0.0008761,4,4,76929,9371,974
-0.1038,-0.0067,-0.0376,-0.0012,0.6522,0.8655,16.4185,1.702,2.076,0.0008761,3,4,76929,9371,990
-0.0719,-0.0008,-0.0769,-0.0051,0.6365,0.8646,16.4185,1.7524,2.0821,0.0008761,4,4,76929,9371,972
-0.2172,-0.0144,-0.0498,-0.0049,0.6353,0.8521,16.4185,1.7011,2.0894,0.0008761,4,4,76929,9371,947
-0.1129,-0.0009,-0.1321,-0.0075,0.6013,0.8138,16.4185,1.7278,2.0705,0.0008761,4,4,76929,9371,898
-0.1028,-0.0045,0.0774,0.0023,0.5933,0.8413,16.4185,1.7416,2.0657,0.0008761,4,4,76929,9371,925
-0.2107,-0.0121,-0.0902,-0.0068,0.6474,0.8698,16.4185,1.6854,2.0983,0.0008761,3,4,76929,9371,915
-0.2636,-0.0113,-0.0411,0.0051,0.6173,0.8279,16.4185,1.7362,2.0617,0.0008761,4,4,76929,9371,909
-0.1619,-0.0072,0.0042,-0.0001,0.6348,0.8403,16.4185,1.7333,2.0756,0.0008761,4,4,76929,9371,997
-0.0253,0.0004,0.0742,0.0034,0.5767,0.8101,16.4185,1.7663,2.0967,0.0008761,4,4,76929,9371,934
-0.1316,-0.0038,0.1303,0.0067,0.5963,0.8382,16.4185,1.7571,2.0952,0.0008761,4,4,76929,9371,911
-0.1094,-0.0008,-0.1292,-0.0058,0.613,0.8309,16.4185,1.7583,2.0827,0.0008761,4,4,76929,9371,981
-0.0972,-0.0069,-0.06,-0.0031,0.6106,0.8241,16.4185,1.7221,2.0834,0.0008761,4,4,76929,9371,942
-0.0851,-0.0009,0.0388,0.0056,0.6095,0.8032,16.4185,1.7302,2.0744,0.0008761,4,4,76929,9371,930
-0.0854,-0.0086,-0.1433,-0.0048,0.6002,0.8551,16.4185,1.7317,2.099,0.0008761,4,4,76929,9371,912
-0.1299,-0.007,-0.0487,-0.0017,0.6489,0.8739,16.4185,1.6984,2.0811,0.0008761,3,4,76929,9371,943
-0.0849,-0.0059,0.0564,0.0022,0.6268,0.7996,16.4185,1.6922,2.1087,0.0008761,4,4,76929,9371,910
-0.0485,-0.0029,-0.0437,-0.0047,0.6512,0.8462,16.4185,1.7261,2.0898,0.0008761,4,4,76929,9371,929
-0.1492,-0.009,-0.0466,-0.0035,0.6462,0.8499,16.4185,1.7071,2.079,0.0008761,4,4,76929,9371,901
-0.0737,-0.0043,0.0499,-0.0024,0.6442,0.8413,16.4185,1.7013,2.0918,0.0008761,4,4,76929,9371,986
-0.0349,-0.0031,-0.0371,-0.0019,0.6275,0.8364,16.4185,1.6568,2.1164,0.0008761,4,4,76929,9371,946
-0.1844,-0.0069,-0.0295,-0.0033,0.5978,0.845,16.4185,1.714,2.0604,0.0008761,4,4,76929,9371,960
-0.2635,-0.0133,-0.0631,-0.0017,0.5775,0.8072,16.4185,1.7104,2.0722,0.0008761,3,4,76929,9371,962
-0.127,-0.0023,0.0231,-0.002,0.5873,0.8268,16.4185,1.7312,2.0694,0.0008761,4,4,76929,9371,950
-0.1369,-0.0059,-0.1384,-0.005,0.6271,0.8496,16.4185,1.7227,2.0671,0.0008761,4,4,76929,9371,927
-0.0583,0.0024,-0.1632,-0.006,0.6531,0.8863,16.4185,1.7808,2.0945,0.0008761,5,4,76929,9371,922
-0.0609,-0.006,0.0305,0.0027,0.6193,0.8181,16.4185,1.7303,2.0822,0.0008761,4,4,76929,9371,907
-0.1603,-0.0093,-0.0958,-0.005,0.5825,0.7933,16.4185,1.6882,2.0659,0.0008761,4,4,76929,9371,955
-0.0387,-0.0012,0.0327,-0.0017,0.616,0.8492,16.4185,1.6591,2.0853,0.0008761,3,4,76929,9371,951
-0.1122,-0.0029,-0.0216,-0.0003,0.6161,0.8294,16.4185,1.7139,2.0709,0.0008761,4,4,76929,9371,902
-0.0936,-0.0029,-0.0896,-0.0078,0.6559,0.8692,16.4185,1.6895,2.0835,0.0008761,3,4,76929,9371,941
-0.205,-0.0093,-0.0221,0.0018,0.6379,0.8232,16.4185,1.6952,2.0683,0.0008761,3,4,76929,9371,939
0.0072,-0.0006,-0.0805,-0.0034,0.6055,0.8221,16.4185,1.7546,2.1074,0.0008761,4,4,76929,9371,948
-0.0104,-0.0042,-0.0755,-0.0045,0.6662,0.8605,16.4185,1.7593,2.1029,0.0008761,5,4,76929,9371,940
-0.0108,-0.0021,-0.0789,-0.0049,0.6144,0.8314,16.4185,1.7329,2.1247,0.0008761,4,4,76929,9371,921
-0.0911,-0.0089,0.0057,-0.0008,0.62,0.8167,16.4185,1.7045,2.1264,0.0008761,4,4,76929,9371,917
-0.082,-0.0044,-0.1437,-0.0071,0.6139,0.841,16.4185,1.7178,2.0869,0.0008761,4,4,76929,9371,935
-0.0386,-0.0027,-0.1103,-0.0051,0.6252,0.8395,16.4185,1.7086,2.1008,0.0008761,3,4,76929,9371,958
-0.1275,-0.009,0.0681,-0.0025,0.6254,0.831,16.4185,1.736,2.1185,0.0008761,5,4,76929,9371,954
-0.0206,-0.0028,0.006,0.0043,0.6353,0.8376,16.4185,1.7275,2.0927,0.0008761,4,4,76929,9371,970
-0.1558,-0.0048,-0.081,-0.0014,0.6625,0.8654,16.4185,1.673,2.085,0.0008761,3,4,76929,9371,957
-0.156,-0.0078,-0.0052,-0.0014,0.6462,0.8848,16.4185,1.7015,2.0775,0.0008761,4,4,76929,9371,999
-0.117,-0.0105,-0.1083,-0.0062,0.6244,0.8364,16.4185,1.7328,2.1053,0.0008761,4,4,76929,9371,973
-0.0582,-0.0014,-0.0711,-0.0052,0.6464,0.8662,16.4185,1.7299,2.0917,0.0008761,4,4,76929,9371,933
-0.1701,-0.0085,-0.0847,-0.0028,0.649,0.851,16.4185,1.7051,2.0881,0.0008761,4,4,76929,9371,916
-0.0953,-0.0037,0.0297,0.0018,0.6365,0.8532,16.4185,1.7106,2.073,0.0008761,4,4,76929,9371,923
-0.1492,-0.0024,0.1407,0.0075,0.6304,0.7795,16.4185,1.7651,2.0772,0.0008761,4,4,76929,9371,920
-0.11,-0.0059,-0.0651,-0.0023,0.605,0.8229,16.4185,1.6669,2.0664,0.0008761,3,4,76929,9371,953
-0.0748,-0.0043,0.0954,0.0029,0.6284,0.8552,16.4185,1.7351,2.0927,0.0008761,4,4,76929,9371,918
-0.0861,-0.0042,-0.0112,-0.0032,0.6539,0.8228,16.4185,1.7153,2.0813,0.0008761,3,4,76929,9371,978
-0.1344,-0.0141,-0.0401,-0.0094,0.6336,0.8369,16.4185,1.6936,2.1105,0.0008761,3,4,76929,9371,924
-0.0724,-0.0081,-0.0743,-0.0086,0.6419,0.8088,16.4185,1.7411,2.1076,0.0008761,4,4,76929,9371,965
-0.109,-0.0082,-0.1617,-0.0092,0.6277,0.8417,16.4185,1.7076,2.0717,0.0008761,4,4,76929,9371,992
-0.0505,0.0001,-0.1496,-0.0048,0.6324,0.8661,16.4185,1.6958,2.0927,0.0008761,4,4,76929,9371,961
-0.0369,-0.0078,-0.0836,-0.0062,0.662,0.8614,16.4185,1.6634,2.0942,0.0008761,3,4,76929,9371,949
-0.176,-0.0088,0.0628,0.0034,0.5892,0.8226,16.4185,1.7117,2.0659,0.0008761,3,4,76929,9371,963
-0.1282,-0.0072,0.0023,-0.0008,0.5977,0.8206,16.4185,1.7006,2.0757,0.0008761,4,4,76929,9371,932
-0.0559,-0.004,0.0509,0.0023,0.6418,0.8377,16.4185,1.7005,2.0865,0.0008761,4,4,76929,9371,928
-0.0875,-0.0044,0.0573,0.0055,0.6121,0.8171,16.4185,1.6947,2.1107,0.0008761,4,4,76929,9371,937
-0.1841,-0.0073,0.0707,-0.002,0.6314,0.8182,16.4185,1.7232,2.079,0.0008761,4,4,76929,9371,968
-0.1282,-0.0054,0.0834,0.0002,0.5977,0.8475,16.4185,1.7294,2.0728,0.0008761,3,4,76929,9371,938
-0.0886,-0.0018,0.0432,-0.0011,0.6233,0.838,16.4185,1.7343,2.088,0.0008761,4,4,76929,9371,995
-0.1193,-0.0118,-0.125,-0.0066,0.6138,0.8506,16.4185,1.7046,2.1,0.0008761,4,4,76929,9371,967
-0.1271,-0.0087,-0.079,-0.0033,0.6432,0.8633,16.4185,1.709,2.0808,0.0008761,4,4,76929,9371,993
-0.1464,-0.0093,-0.1275,-0.0082,0.6318,0.8594,16.4185,1.7185,2.089,0.0008761,4,4,76929,9371,982
-0.1071,-0.0034,-0.0298,-0.002,0.6018,0.8236,16.4185,1.7056,2.0943,0.0008761,4,4,76929,9371,959
-0.1118,-0.0111,-0.1633,-0.0102,0.6452,0.8528,16.4185,1.7479,2.1196,0.0008761,4,4,76929,9371,998
-0.162,-0.0035,-0.0842,0.0005,0.6499,0.8555,16.4185,1.6999,2.0781,0.0008761,4,4,76929,9371,991
-0.1243,-0.0019,-0.0701,-0.0017,0.6154,0.8379,16.4185,1.7356,2.0682,0.0008761,4,4,76929,9371,984
-0.1128,0.0,0.0073,-0.0016,0.5907,0.8224,16.4185,1.7171,2.0644,0.0008761,4,4,76929,9371,975
-0.16,-0.0113,-0.0371,0.0006,0.6155,0.8406,16.4185,1.7032,2.0642,0.0008761,4,4,76929,9371,964
-0.1899,-0.0088,-0.0362,0.0023,0.6361,0.8555,16.4185,1.7151,2.0776,0.0008761,4,4,76929,9371,969
-0.1297,-0.003,-0.0667,-0.0023,0.6463,0.8459,16.4185,1.6918,2.0658,0.0008761,4,4,76929,9371,996
-0.156,-0.0073,0.087,0.0061,0.6402,0.8735,16.4185,1.736,2.0799,0.0008761,4,4,76929,9371,979
-0.256,-0.0121,-0.0368,0.001,0.6143,0.8242,16.4185,1.6998,2.0718,0.0008761,4,4,76929,9371,976
-0.0412,-0.0029,-0.0725,0.0002,0.6091,0.8129,16.4185,1.7105,2.1039,0.0008761,3,4,76929,9371,966
-0.1258,-0.0076,0.0788,-0.0009,0.6184,0.8594,16.4185,1.6896,2.1057,0.0008761,4,4,76929,9371,977
-0.2169,-0.0103,-0.1245,-0.007,0.6342,0.8502,16.4185,1.7008,2.0706,0.0008761,3,4,76929,9371,980
-0.0782,-0.0064,-0.1169,-0.0034,0.6215,0.8503,16.4185,1.7055,2.107,0.0008761,3,4,76929,9371,987
-0.0085,0.0022,0.1083,0.0017,0.598,0.8103,16.4185,1.7989,2.1193,0.0008761,5,4,76929,9371,971
-0.1556,-0.0048,-0.0375,-0.0004,0.6226,0.843,16.4185,1.7314,2.064,0.0008761,4,4,76929,9371,983
-0.0935,-0.0061,-0.0394,-0.0023,0.6253,0.8019,16.4185,1.6724,2.0874,0.0008761,4,4,76929,9371,988
-0.1778,-0.01,-0.2032,-0.0108,0.6303,0.8504,16.4185,1.7103,2.0818,0.0008761,3,4,76929,9371,994
-0.1726,-0.0106,-0.0984,-0.0081,0.6044,0.8479,16.4185,1.7641,2.0877,0.0008761,5,4,76929,9371,989
-0.1553,-0.0061,-0.0328,-0.0026,0.6089,0.8323,16.4185,1.6865,2.0712,0.0008761,3,4,76929,9371,985
